"Time (s)","Latitude (째)","Longitude (째)","Height (m)","Velocity (m/s)","Direction (째)","Horizontal Accuracy (m)","Vertical Accuracy (째)"
2.701609135E-1,4.547888600E1,-7.357734100E1,-1.260000000E1,1.445588889E1,1.411315002E2,3.000000000E1,5.700000000E1
1.245922923E0,4.547877600E1,-7.357722200E1,-1.330000000E1,1.527900000E1,1.413343048E2,3.000000000E1,5.700000000E1
2.247280002E0,4.547866100E1,-7.357709500E1,-1.340000000E1,1.610211111E1,1.413343048E2,3.000000000E1,5.700000000E1
3.228209972E0,4.547854500E1,-7.357696500E1,-1.410000000E1,1.635933333E1,1.418430939E2,3.000000000E1,5.700000000E1
4.237535000E0,4.547842600E1,-7.357683100E1,-1.570000000E1,1.666800000E1,1.416355896E2,3.000000000E1,5.700000000E1
5.224720955E0,4.547830200E1,-7.357669000E1,-1.620000000E1,1.723388889E1,1.411547089E2,3.000000000E1,5.700000000E1
6.207850933E0,4.547817500E1,-7.357654700E1,-1.620000000E1,1.805700000E1,1.411547089E2,3.000000000E1,5.700000000E1
7.203837991E0,4.547804700E1,-7.357640400E1,-1.620000000E1,1.805700000E1,1.411547089E2,3.000000000E1,5.700000000E1
8.202664018E0,4.547791700E1,-7.357626000E1,-1.620000000E1,1.831422222E1,1.416752167E2,3.000000000E1,5.700000000E1
9.188894987E0,4.547779000E1,-7.357611700E1,-1.620000000E1,1.774833333E1,1.413468475E2,3.000000000E1,5.700000000E1
1.019577098E1,4.547766100E1,-7.357597100E1,-1.620000000E1,1.831422222E1,1.413468475E2,5.000000000E1,9.500000000E1
1.119908094E1,4.547753100E1,-7.357582600E1,-1.620000000E1,1.831422222E1,1.415072327E2,5.000000000E1,9.500000000E1
1.218329394E1,4.547739800E1,-7.357567800E1,-1.620000000E1,1.862288889E1,1.415072327E2,5.000000000E1,9.500000000E1
1.318651199E1,4.547726700E1,-7.357553200E1,-1.620000000E1,1.862288889E1,1.419501038E2,5.000000000E1,9.500000000E1
1.427546096E1,4.547712700E1,-7.357537500E1,-1.620000000E1,1.805700000E1,1.416548920E2,5.000000000E1,9.500000000E1
1.527555597E1,4.547700000E1,-7.357523100E1,-1.620000000E1,1.805700000E1,1.409179230E2,5.000000000E1,9.500000000E1
1.625930393E1,4.547687300E1,-7.357508700E1,-1.620000000E1,1.805700000E1,1.409179230E2,5.000000000E1,9.500000000E1
1.726838291E1,4.547675000E1,-7.357494800E1,-1.620000000E1,1.749111111E1,1.411980438E2,5.000000000E1,9.500000000E1
1.824836493E1,4.547662700E1,-7.357480900E1,-1.620000000E1,1.749111111E1,1.410860138E2,5.000000000E1,9.500000000E1
1.924610496E1,4.547651000E1,-7.357467700E1,-1.620000000E1,1.666800000E1,1.410860138E2,5.000000000E1,9.500000000E1
2.024574602E1,4.547640500E1,-7.357453800E1,-2.050000000E1,1.553622222E1,1.410860138E2,5.000000000E1,9.500000000E1
2.124565291E1,4.547630500E1,-7.357440400E1,-1.770000000E1,1.502177778E1,1.416322327E2,1.000000000E1,1.900000000E1
2.224272394E1,4.547620300E1,-7.357429000E1,-1.710000000E1,1.445588889E1,1.416322327E2,1.000000000E1,1.900000000E1
2.324321997E1,4.547610700E1,-7.357418400E1,-1.640000000E1,1.306688889E1,1.416553802E2,1.000000000E1,1.900000000E1
2.420648801E1,4.547602100E1,-7.357409600E1,-1.550000000E1,1.167788889E1,1.445019989E2,1.000000000E1,1.900000000E1
2.522820497E1,4.547593400E1,-7.357401500E1,-1.470000000E1,1.085477778E1,1.451479645E2,1.000000000E1,1.900000000E1
2.622060192E1,4.547585900E1,-7.357394100E1,-1.410000000E1,1.028888889E1,1.451479645E2,1.000000000E1,1.900000000E1
2.721246898E1,4.547578500E1,-7.357387300E1,-1.360000000E1,9.414333333E0,1.548407440E2,1.000000000E1,1.900000000E1
2.820990896E1,4.547572000E1,-7.357382000E1,-1.370000000E1,8.334000000E0,1.548407440E2,3.000000000E1,5.700000000E1
2.920270598E1,4.547565600E1,-7.357377400E1,-1.390000000E1,7.510888889E0,1.548407440E2,3.000000000E1,5.700000000E1
3.019656801E1,4.547560400E1,-7.357373800E1,-1.410000000E1,6.379111111E0,1.526404419E2,3.000000000E1,5.700000000E1
3.120368993E1,4.547556600E1,-7.357371300E1,-1.420000000E1,4.732888889E0,1.459068298E2,3.000000000E1,5.700000000E1
3.219275296E1,4.547554600E1,-7.357369900E1,-1.410000000E1,2.520777778E0,1.459068298E2,3.000000000E1,5.700000000E1
3.318103898E1,4.547553900E1,-7.357369300E1,-1.420000000E1,8.231111111E-1,1.459068298E2,3.000000000E1,5.700000000E1
3.415356398E1,4.547553800E1,-7.357369300E1,-1.440000000E1,0.000000000E0,1.459068298E2,3.000000000E1,5.700000000E1
3.517830801E1,4.547553800E1,-7.357369300E1,-1.440000000E1,0.000000000E0,1.459068298E2,3.000000000E1,5.700000000E1
3.627370000E1,4.547553800E1,-7.357369300E1,-1.440000000E1,0.000000000E0,1.459068298E2,3.000000000E1,5.700000000E1
3.727764797E1,4.547553800E1,-7.357369300E1,-1.440000000E1,0.000000000E0,1.459068298E2,3.000000000E1,5.700000000E1
3.827124298E1,4.547553800E1,-7.357369300E1,-1.440000000E1,0.000000000E0,1.459068298E2,3.000000000E1,5.700000000E1
3.925982094E1,4.547553800E1,-7.357369300E1,-1.450000000E1,0.000000000E0,1.459068298E2,3.000000000E1,5.700000000E1
4.024882495E1,4.547553800E1,-7.357369300E1,-1.450000000E1,0.000000000E0,1.459068298E2,3.000000000E1,5.700000000E1
4.123709691E1,4.547553800E1,-7.357369300E1,-1.450000000E1,0.000000000E0,1.459068298E2,3.000000000E1,5.700000000E1
4.223761201E1,4.547553800E1,-7.357369300E1,-1.450000000E1,0.000000000E0,1.459068298E2,3.000000000E1,5.700000000E1
4.323647296E1,4.547553800E1,-7.357369300E1,-1.450000000E1,0.000000000E0,1.459068298E2,3.000000000E1,5.700000000E1
4.422565699E1,4.547553800E1,-7.357369300E1,-1.450000000E1,0.000000000E0,1.459068298E2,3.000000000E1,5.700000000E1
4.523542202E1,4.547553800E1,-7.357369300E1,-1.450000000E1,0.000000000E0,1.459068298E2,3.000000000E1,5.700000000E1
4.622052002E1,4.547553800E1,-7.357369300E1,-1.450000000E1,0.000000000E0,1.459068298E2,3.000000000E1,5.700000000E1
4.721905398E1,4.547553800E1,-7.357369300E1,-1.450000000E1,0.000000000E0,1.459068298E2,3.000000000E1,5.700000000E1
4.820996094E1,4.547553800E1,-7.357369300E1,-1.450000000E1,0.000000000E0,1.459068298E2,3.000000000E1,5.700000000E1
4.920539296E1,4.547553800E1,-7.357369300E1,-1.450000000E1,0.000000000E0,1.459068298E2,3.000000000E1,5.700000000E1
5.019309294E1,4.547553800E1,-7.357369300E1,-1.450000000E1,0.000000000E0,1.459068298E2,3.000000000E1,5.700000000E1
5.119445193E1,4.547553800E1,-7.357369300E1,-1.450000000E1,0.000000000E0,1.459068298E2,3.000000000E1,5.700000000E1
5.218690991E1,4.547553800E1,-7.357369300E1,-1.450000000E1,0.000000000E0,1.459068298E2,3.000000000E1,5.700000000E1
5.318511891E1,4.547553800E1,-7.357369300E1,-1.450000000E1,0.000000000E0,1.459068298E2,3.000000000E1,5.700000000E1
5.417661798E1,4.547553800E1,-7.357369300E1,-1.450000000E1,0.000000000E0,1.459068298E2,3.000000000E1,5.700000000E1
5.517919099E1,4.547553800E1,-7.357369300E1,-1.450000000E1,0.000000000E0,1.459068298E2,3.000000000E1,5.700000000E1
5.626949596E1,4.547553800E1,-7.357369300E1,-1.450000000E1,0.000000000E0,1.459068298E2,3.000000000E1,5.700000000E1
5.726839292E1,4.547553800E1,-7.357369300E1,-1.450000000E1,0.000000000E0,1.459068298E2,3.000000000E1,5.700000000E1
5.826765192E1,4.547553800E1,-7.357369300E1,-1.450000000E1,0.000000000E0,1.459068298E2,3.000000000E1,5.700000000E1
5.926686502E1,4.547553800E1,-7.357369300E1,-1.450000000E1,0.000000000E0,1.459068298E2,3.000000000E1,5.700000000E1
6.024469495E1,4.547553800E1,-7.357369300E1,-1.450000000E1,0.000000000E0,1.459068298E2,3.000000000E1,5.700000000E1
6.124517500E1,4.547553800E1,-7.357369300E1,-1.450000000E1,0.000000000E0,1.459068298E2,3.000000000E1,5.700000000E1
6.221750498E1,4.547553800E1,-7.357369300E1,-1.450000000E1,0.000000000E0,1.459068298E2,3.000000000E1,5.700000000E1
6.323450899E1,4.547553800E1,-7.357369300E1,-1.450000000E1,0.000000000E0,1.459068298E2,3.000000000E1,5.700000000E1
6.423437893E1,4.547553800E1,-7.357369300E1,-1.450000000E1,0.000000000E0,1.459068298E2,3.000000000E1,5.700000000E1
6.523251796E1,4.547553800E1,-7.357369300E1,-1.450000000E1,0.000000000E0,1.459068298E2,3.000000000E1,5.700000000E1
6.622136497E1,4.547553800E1,-7.357369300E1,-1.450000000E1,0.000000000E0,1.459068298E2,3.000000000E1,5.700000000E1
6.721979296E1,4.547553800E1,-7.357369300E1,-1.450000000E1,0.000000000E0,1.459068298E2,3.000000000E1,5.700000000E1
6.820635700E1,4.547553800E1,-7.357369300E1,-1.450000000E1,0.000000000E0,1.459068298E2,3.000000000E1,5.700000000E1
6.921381998E1,4.547553800E1,-7.357369300E1,-1.450000000E1,0.000000000E0,1.459068298E2,3.000000000E1,5.700000000E1
7.020153201E1,4.547553800E1,-7.357369300E1,-1.450000000E1,0.000000000E0,1.459068298E2,3.000000000E1,5.700000000E1
7.119568098E1,4.547553800E1,-7.357369300E1,-1.450000000E1,0.000000000E0,1.459068298E2,3.000000000E1,5.700000000E1
7.219676399E1,4.547553200E1,-7.357368900E1,-1.450000000E1,2.572222222E-1,1.459068298E2,3.000000000E1,5.700000000E1
7.319346797E1,4.547550800E1,-7.357365800E1,-1.490000000E1,2.778000000E0,1.459068298E2,3.000000000E1,5.700000000E1
7.418068898E1,4.547546000E1,-7.357362500E1,-1.530000000E1,5.556000000E0,1.553063965E2,3.000000000E1,5.700000000E1
7.517854595E1,4.547539600E1,-7.357358100E1,-1.500000000E1,7.768111111E0,1.554861450E2,1.000000000E1,1.900000000E1
7.627228498E1,4.547532900E1,-7.357353300E1,-1.520000000E1,7.510888889E0,1.554861450E2,1.000000000E1,1.900000000E1
7.728007293E1,4.547527700E1,-7.357349400E1,-1.560000000E1,6.379111111E0,1.554861450E2,1.000000000E1,1.900000000E1
7.827178991E1,4.547522200E1,-7.357345400E1,-1.580000000E1,6.636333333E0,1.554861450E2,1.000000000E1,1.900000000E1
7.927443302E1,4.547515800E1,-7.357341500E1,-1.600000000E1,7.510888889E0,1.598000000E2,1.000000000E1,1.900000000E1
8.024969602E1,4.547508700E1,-7.357339500E1,-1.600000000E1,8.025333333E0,1.737000000E2,1.000000000E1,1.900000000E1
8.125033700E1,4.547501900E1,-7.357340500E1,-1.590000000E1,7.510888889E0,1.935000000E2,1.000000000E1,1.900000000E1
8.224178302E1,4.547496400E1,-7.357345000E1,-1.540000000E1,6.945000000E0,2.191000000E2,1.000000000E1,1.900000000E1
8.324686396E1,4.547492300E1,-7.357352900E1,-1.540000000E1,7.510888889E0,2.396000000E2,1.000000000E1,1.900000000E1
8.423494196E1,4.547485502E1,-7.357361806E1,-1.470000000E1,9.157111111E0,2.442373962E2,1.000000000E1,1.900000000E1
8.523546100E1,4.547480988E1,-7.357375265E1,-1.440000000E1,1.136922222E1,2.449354248E2,1.000000000E1,1.900000000E1
8.622509694E1,4.547475861E1,-7.357390719E1,-1.380000000E1,1.332411111E1,2.441001740E2,3.000000000E1,5.700000000E1
8.722408998E1,4.547470131E1,-7.357407321E1,-1.360000000E1,1.445588889E1,2.431938629E2,3.000000000E1,5.700000000E1
8.821146798E1,4.547463950E1,-7.357424609E1,-1.310000000E1,1.527900000E1,2.421492920E2,3.000000000E1,5.700000000E1
8.921420193E1,4.547457251E1,-7.357441896E1,-1.250000000E1,1.553622222E1,2.394322662E2,3.000000000E1,5.700000000E1
9.020598698E1,4.547451700E1,-7.357459100E1,-1.180000000E1,1.471311111E1,2.349931183E2,3.000000000E1,5.700000000E1
9.120651591E1,4.547443700E1,-7.357473600E1,-1.100000000E1,1.414722222E1,2.318805847E2,3.000000000E1,5.700000000E1
9.219272196E1,4.547434700E1,-7.357488500E1,-9.700000000E0,1.502177778E1,2.287681580E2,3.000000000E1,5.700000000E1
9.319408298E1,4.547424700E1,-7.357503400E1,-8.800000000E0,1.584488889E1,2.262178345E2,3.000000000E1,5.700000000E1
9.418160200E1,4.547413600E1,-7.357518100E1,-7.900000000E0,1.666800000E1,2.225604553E2,3.000000000E1,5.700000000E1
9.518895698E1,4.547401500E1,-7.357532500E1,-7.500000000E0,1.723388889E1,2.197496948E2,3.000000000E1,5.700000000E1
9.627491093E1,4.547387100E1,-7.357547800E1,-6.400000000E0,1.805700000E1,2.147989349E2,3.000000000E1,5.700000000E1
9.727965701E1,4.547374000E1,-7.357561100E1,-5.900000000E0,1.774833333E1,2.147989349E2,1.000000000E1,1.900000000E1
9.826370299E1,4.547360000E1,-7.357575000E1,-5.300000000E0,1.888011111E1,2.149561462E2,1.000000000E1,1.900000000E1
9.926757693E1,4.547343331E1,-7.357585501E1,-4.400000000E0,1.944600000E1,2.205850525E2,1.000000000E1,1.900000000E1
1.002502199E2,4.547330100E1,-7.357603100E1,-3.900000000E0,1.970322222E1,2.205850525E2,1.000000000E1,1.900000000E1
1.012519540E2,4.547315700E1,-7.357617500E1,-4.500000000E0,1.944600000E1,2.176594543E2,1.000000000E1,1.900000000E1
1.022505020E2,4.547300800E1,-7.357632600E1,-4.400000000E0,2.026911111E1,2.162474976E2,1.000000000E1,1.900000000E1
1.032478200E2,4.547285400E1,-7.357646900E1,-4.700000000E0,2.001188889E1,2.168329468E2,1.000000000E1,1.900000000E1
1.042373010E2,4.547269800E1,-7.357661500E1,-4.500000000E0,2.052633333E1,2.159766083E2,1.000000000E1,1.900000000E1
1.052121999E2,4.547253200E1,-7.357676500E1,-4.100000000E0,2.140088889E1,2.159766083E2,1.000000000E1,1.900000000E1
1.062231790E2,4.547236000E1,-7.357692300E1,-5.000000000E0,2.248122222E1,2.149299927E2,3.000000000E1,5.700000000E1
1.072310230E2,4.547218500E1,-7.357708100E1,-5.300000000E0,2.278988889E1,2.142227173E2,3.000000000E1,5.700000000E1
1.082138489E2,4.547200300E1,-7.357724400E1,-5.400000000E0,2.361300000E1,2.142251434E2,3.000000000E1,5.700000000E1
1.092138860E2,4.547181800E1,-7.357740800E1,-5.000000000E0,2.417888889E1,2.136976624E2,3.000000000E1,5.700000000E1
1.102083650E2,4.547162700E1,-7.357757500E1,-6.000000000E0,2.474477778E1,2.141034546E2,1.000000000E1,1.900000000E1
1.112127160E2,4.547143800E1,-7.357774000E1,-6.100000000E0,2.500200000E1,2.127610168E2,1.000000000E1,1.900000000E1
1.122084509E2,4.547124700E1,-7.357790600E1,-6.300000000E0,2.443611111E1,2.124124756E2,1.000000000E1,1.900000000E1
1.131994920E2,4.547105900E1,-7.357807000E1,-6.700000000E0,2.474477778E1,2.124124756E2,1.000000000E1,1.900000000E1
1.142028630E2,4.547086600E1,-7.357823600E1,-6.400000000E0,2.474477778E1,2.106394501E2,1.000000000E1,1.900000000E1
1.151820459E2,4.547067300E1,-7.357840200E1,-6.400000000E0,2.500200000E1,2.105061646E2,1.000000000E1,1.900000000E1
1.161802950E2,4.547048100E1,-7.357856400E1,-6.400000000E0,2.474477778E1,2.105061646E2,1.000000000E1,1.900000000E1
1.172723379E2,4.547026600E1,-7.357874000E1,-6.200000000E0,2.500200000E1,2.107054749E2,1.000000000E1,1.900000000E1
1.182665280E2,4.547006700E1,-7.357889600E1,-6.200000000E0,2.500200000E1,2.107054749E2,1.000000000E1,1.900000000E1
1.192719550E2,4.546986500E1,-7.357904800E1,-6.000000000E0,2.525922222E1,2.093053284E2,1.000000000E1,1.900000000E1
1.202733749E2,4.546966000E1,-7.357919500E1,-6.300000000E0,2.556788889E1,2.050273895E2,1.000000000E1,1.900000000E1
1.212574250E2,4.546944900E1,-7.357933400E1,-5.400000000E0,2.582511111E1,2.036347656E2,1.000000000E1,1.900000000E1
1.222461510E2,4.546923000E1,-7.357946300E1,-6.100000000E0,2.582511111E1,2.024662628E2,1.000000000E1,1.900000000E1
1.232502099E2,4.546901200E1,-7.357958800E1,-6.400000000E0,2.613377778E1,2.006189728E2,1.000000000E1,1.900000000E1
1.242405430E2,4.546879100E1,-7.357970900E1,-5.600000000E0,2.613377778E1,2.004232178E2,1.000000000E1,1.900000000E1
1.252431259E2,4.546856900E1,-7.357983100E1,-4.500000000E0,2.639100000E1,2.011000000E2,1.000000000E1,1.900000000E1
1.262379349E2,4.546834800E1,-7.357995200E1,-4.100000000E0,2.613377778E1,2.012000000E2,1.000000000E1,1.900000000E1
1.272432380E2,4.546812400E1,-7.358007500E1,-2.700000000E0,2.664822222E1,2.011000000E2,1.000000000E1,1.900000000E1
1.282159309E2,4.546790100E1,-7.358019700E1,-3.800000000E0,2.639100000E1,2.012000000E2,1.000000000E1,1.900000000E1
1.292152059E2,4.546767600E1,-7.358032100E1,-3.700000000E0,2.664822222E1,2.006452179E2,1.000000000E1,1.900000000E1
1.302127550E2,4.546745300E1,-7.358045100E1,-2.500000000E0,2.664822222E1,2.020822449E2,1.000000000E1,1.900000000E1
1.312068110E2,4.546723300E1,-7.358059500E1,-2.000000000E0,2.695688889E1,2.056326447E2,5.000000000E0,9.500000000E0
1.321993070E2,4.546701800E1,-7.358075500E1,-1.500000000E0,2.695688889E1,2.090929108E2,5.000000000E0,9.500000000E0
1.332111540E2,4.546680800E1,-7.358093800E1,-1.600000000E0,2.752277778E1,2.127223053E2,1.000000000E1,1.900000000E1
1.341903659E2,4.546660600E1,-7.358113800E1,-2.100000000E0,2.721411111E1,2.170724487E2,1.000000000E1,1.900000000E1
1.351813480E2,4.546641200E1,-7.358135300E1,-2.600000000E0,2.721411111E1,2.184772034E2,1.000000000E1,1.900000000E1
1.361776040E2,4.546623400E1,-7.358157600E1,-2.300000000E0,2.639100000E1,2.204384003E2,3.000000000E1,5.700000000E1
1.371805199E2,4.546606500E1,-7.358181300E1,-1.500000000E0,2.639100000E1,2.242503662E2,3.000000000E1,5.700000000E1
1.382699850E2,4.546588900E1,-7.358209200E1,-1.300000000E0,2.664822222E1,2.318000946E2,3.000000000E1,5.700000000E1
1.392741339E2,4.546574200E1,-7.358236100E1,-1.400000000E0,2.664822222E1,2.337355042E2,3.000000000E1,5.700000000E1
1.402628980E2,4.546560800E1,-7.358264200E1,-1.000000000E0,2.664822222E1,2.373002625E2,3.000000000E1,5.700000000E1
1.412623169E2,4.546548600E1,-7.358293000E1,-8.000000000E-1,2.639100000E1,2.399000000E2,3.000000000E1,5.700000000E1
1.422513310E2,4.546538000E1,-7.358320800E1,-7.000000000E-1,2.474477778E1,2.425000000E2,3.000000000E1,5.700000000E1
1.432488780E2,4.546528900E1,-7.358347600E1,-4.000000000E-1,2.330433333E1,2.452000000E2,3.000000000E1,5.700000000E1
1.442402700E2,4.546521500E1,-7.358373100E1,-2.000000000E-1,2.165811111E1,2.486000000E2,3.000000000E1,5.700000000E1
1.452388430E2,4.546515300E1,-7.358398400E1,1.000000000E-1,2.109222222E1,2.522000000E2,3.000000000E1,5.700000000E1
1.462240790E2,4.546510100E1,-7.358423700E1,2.000000000E-1,2.026911111E1,2.558000000E2,3.000000000E1,5.700000000E1
1.472273450E2,4.546506100E1,-7.358449000E1,4.000000000E-1,2.026911111E1,2.584000000E2,3.000000000E1,5.700000000E1
1.482169130E2,4.546502900E1,-7.358474500E1,2.000000000E-1,2.001188889E1,2.603000000E2,3.000000000E1,5.700000000E1
1.492135019E2,4.546500100E1,-7.358500600E1,5.000000000E-1,2.052633333E1,2.620000000E2,3.000000000E1,5.700000000E1
1.502103710E2,4.546498000E1,-7.358526200E1,8.000000000E-1,2.001188889E1,2.645000000E2,3.000000000E1,5.700000000E1
1.512073059E2,4.546496800E1,-7.358552100E1,4.000000000E-1,2.026911111E1,2.682763977E2,3.000000000E1,5.700000000E1
1.522082939E2,4.546496300E1,-7.358577800E1,6.000000000E-1,2.001188889E1,2.689802551E2,3.000000000E1,5.700000000E1
1.532090009E2,4.546496400E1,-7.358603600E1,-2.000000000E-1,2.001188889E1,2.701573181E2,3.000000000E1,5.700000000E1
1.541977220E2,4.546496500E1,-7.358629400E1,-2.000000000E-1,2.001188889E1,2.701573181E2,3.000000000E1,5.700000000E1
1.552099769E2,4.546496500E1,-7.358655700E1,-1.000000000E-1,2.026911111E1,2.696672974E2,3.000000000E1,5.700000000E1
1.561809100E2,4.546496400E1,-7.358681700E1,-1.000000000E-1,2.026911111E1,2.696672974E2,3.000000000E1,5.700000000E1
1.571801560E2,4.546496200E1,-7.358708100E1,-5.000000000E-1,2.052633333E1,2.696672974E2,3.000000000E1,5.700000000E1
1.582666099E2,4.546496200E1,-7.358736800E1,0.000000000E0,2.026911111E1,2.693583984E2,3.000000000E1,5.700000000E1
1.592689970E2,4.546496200E1,-7.358762800E1,0.000000000E0,2.026911111E1,2.695201416E2,3.000000000E1,5.700000000E1
1.602641000E2,4.546496300E1,-7.358788800E1,-1.300000000E0,2.001188889E1,2.695201416E2,3.000000000E1,5.700000000E1
1.612615540E2,4.546496300E1,-7.358815200E1,-1.500000000E0,2.083500000E1,2.701337280E2,3.000000000E1,5.700000000E1
1.622521900E2,4.546496300E1,-7.358841800E1,-1.500000000E0,2.083500000E1,2.701337280E2,3.000000000E1,5.700000000E1
1.632540979E2,4.546496200E1,-7.358868800E1,-9.000000000E-1,2.083500000E1,2.698341980E2,3.000000000E1,5.700000000E1
1.642423899E2,4.546496100E1,-7.358895600E1,-5.000000000E-1,2.109222222E1,2.698341980E2,1.000000000E1,1.900000000E1
1.652335789E2,4.546496000E1,-7.358923200E1,-9.000000000E-1,2.109222222E1,2.698341980E2,1.000000000E1,1.900000000E1
1.662379709E2,4.546496000E1,-7.358950600E1,-1.400000000E0,2.140088889E1,2.701710510E2,1.000000000E1,1.900000000E1
1.672349150E2,4.546495900E1,-7.358977900E1,-8.000000000E-1,2.140088889E1,2.701710510E2,1.000000000E1,1.900000000E1
1.682178149E2,4.546496000E1,-7.359005600E1,-1.500000000E0,2.165811111E1,2.697760620E2,1.000000000E1,1.900000000E1
1.692192810E2,4.546495900E1,-7.359032600E1,-1.200000000E0,2.109222222E1,2.697760620E2,5.000000000E0,9.500000000E0
1.702092040E2,4.546496000E1,-7.359059600E1,-1.400000000E0,2.083500000E1,2.698903809E2,5.000000000E0,9.500000000E0
1.712144920E2,4.546496000E1,-7.359085900E1,-8.000000000E-1,2.052633333E1,2.698903809E2,5.000000000E0,9.500000000E0
1.722075490E2,4.546496000E1,-7.359112500E1,-1.100000000E0,2.052633333E1,2.698903809E2,5.000000000E0,9.500000000E0
1.732124059E2,4.546496100E1,-7.359138900E1,-1.500000000E0,2.052633333E1,2.698932495E2,5.000000000E0,9.500000000E0
1.741964860E2,4.546496100E1,-7.359165600E1,-3.000000000E-1,2.083500000E1,2.698932495E2,5.000000000E0,9.500000000E0
1.751883509E2,4.546496200E1,-7.359192400E1,-6.000000000E-1,2.083500000E1,2.700000000E2,5.000000000E0,9.500000000E0
1.761790940E2,4.546496300E1,-7.359219600E1,-2.000000000E-1,2.140088889E1,2.716627502E2,5.000000000E0,9.500000000E0
1.771867610E2,4.546496400E1,-7.359246200E1,-1.000000000E-1,2.052633333E1,2.706380005E2,5.000000000E0,9.500000000E0
1.781709930E2,4.546496900E1,-7.359272600E1,1.000000000E-1,2.052633333E1,2.729156189E2,5.000000000E0,9.500000000E0
1.791705619E2,4.546497900E1,-7.359298300E1,1.000000000E-1,2.052633333E1,2.744183655E2,5.000000000E0,9.500000000E0
1.802695310E2,4.546499900E1,-7.359326200E1,-3.000000000E-1,2.001188889E1,2.758451538E2,1.000000000E1,1.900000000E1
1.812739990E2,4.546502400E1,-7.359350500E1,-1.000000000E-1,1.913733333E1,2.758451538E2,1.000000000E1,1.900000000E1
1.822438790E2,4.546505600E1,-7.359374000E1,3.000000000E-1,1.862288889E1,2.817000000E2,1.000000000E1,1.900000000E1
1.832510240E2,4.546509200E1,-7.359396600E1,1.200000000E0,1.831422222E1,2.837000000E2,1.000000000E1,1.900000000E1
1.842415860E2,4.546513500E1,-7.359419100E1,4.000000000E-1,1.805700000E1,2.859000000E2,1.000000000E1,1.900000000E1
1.852441690E2,4.546518300E1,-7.359440800E1,9.000000000E-1,1.774833333E1,2.880000000E2,3.000000000E1,5.700000000E1
1.862319310E2,4.546523500E1,-7.359462100E1,9.000000000E-1,1.749111111E1,2.900000000E2,3.000000000E1,5.700000000E1
1.872392230E2,4.546529100E1,-7.359482700E1,1.300000000E0,1.723388889E1,2.917000000E2,3.000000000E1,5.700000000E1
1.882109300E2,4.546535200E1,-7.359503400E1,1.600000000E0,1.723388889E1,2.935000000E2,3.000000000E1,5.700000000E1
1.892272600E2,4.546541600E1,-7.359523500E1,2.100000000E0,1.723388889E1,2.950000000E2,3.000000000E1,5.700000000E1
1.902210749E2,4.546548800E1,-7.359544300E1,1.400000000E0,1.805700000E1,2.962000000E2,3.000000000E1,5.700000000E1
1.912180600E2,4.546556500E1,-7.359565500E1,1.500000000E0,1.862288889E1,2.983000000E2,3.000000000E1,5.700000000E1
1.922129869E2,4.546565400E1,-7.359587200E1,1.600000000E0,1.944600000E1,3.011000000E2,3.000000000E1,5.700000000E1
1.932107110E2,4.546575200E1,-7.359608900E1,1.800000000E0,2.001188889E1,3.035000000E2,3.000000000E1,5.700000000E1
1.942004850E2,4.546586100E1,-7.359630600E1,2.300000000E0,2.083500000E1,3.065000000E2,3.000000000E1,5.700000000E1
1.952008209E2,4.546598000E1,-7.359652000E1,2.100000000E0,2.109222222E1,3.090000000E2,3.000000000E1,5.700000000E1
1.961833400E2,4.546611000E1,-7.359673600E1,2.600000000E0,2.222400000E1,3.114000000E2,3.000000000E1,5.700000000E1
1.971863060E2,4.546624700E1,-7.359694400E1,2.700000000E0,2.222400000E1,3.138000000E2,3.000000000E1,5.700000000E1
1.981836410E2,4.546639100E1,-7.359715100E1,3.100000000E0,2.278988889E1,3.155000000E2,3.000000000E1,5.700000000E1
1.991725379E2,4.546654000E1,-7.359735300E1,3.100000000E0,2.278988889E1,3.155000000E2,3.000000000E1,5.700000000E1
2.002694199E2,4.546670500E1,-7.359757200E1,3.200000000E0,2.278988889E1,3.173000000E2,3.000000000E1,5.700000000E1
2.012680570E2,4.546685800E1,-7.359777000E1,3.800000000E0,2.304711111E1,3.176000000E2,3.000000000E1,5.700000000E1
2.022513599E2,4.546701200E1,-7.359797000E1,4.300000000E0,2.304711111E1,3.177000000E2,3.000000000E1,5.700000000E1
2.032695670E2,4.546716500E1,-7.359816800E1,3.900000000E0,2.278988889E1,3.173000000E2,3.000000000E1,5.700000000E1
2.042462929E2,4.546731900E1,-7.359837100E1,3.600000000E0,2.330433333E1,3.171000000E2,3.000000000E1,5.700000000E1
2.052454369E2,4.546747300E1,-7.359857100E1,4.900000000E0,2.330433333E1,3.179000000E2,3.000000000E1,5.700000000E1
2.062321260E2,4.546763100E1,-7.359877200E1,5.400000000E0,2.330433333E1,3.180000000E2,3.000000000E1,5.700000000E1
2.072367870E2,4.546778800E1,-7.359897300E1,6.200000000E0,2.330433333E1,3.180000000E2,3.000000000E1,5.700000000E1
2.082327299E2,4.546794300E1,-7.359917100E1,7.200000000E0,2.330433333E1,3.182000000E2,3.000000000E1,5.700000000E1
2.092299550E2,4.546809900E1,-7.359936900E1,8.300000000E0,2.304711111E1,3.183000000E2,3.000000000E1,5.700000000E1
2.102165480E2,4.546825000E1,-7.359956200E1,8.600000000E0,2.278988889E1,3.179000000E2,1.000000000E1,1.900000000E1
2.112164949E2,4.546839700E1,-7.359975000E1,9.000000000E0,2.222400000E1,3.178000000E2,1.000000000E1,1.900000000E1
2.122042980E2,4.546853800E1,-7.359993200E1,9.200000000E0,2.109222222E1,3.170270996E2,1.000000000E1,1.900000000E1
2.132102430E2,4.546867500E1,-7.360011100E1,9.900000000E0,2.052633333E1,3.176324768E2,1.000000000E1,1.900000000E1
2.142083679E2,4.546881100E1,-7.360029300E1,1.020000000E1,2.083500000E1,3.166299133E2,1.000000000E1,1.900000000E1
2.152012299E2,4.546894800E1,-7.360048100E1,1.060000000E1,2.109222222E1,3.161787720E2,5.000000000E0,9.500000000E0
2.161602230E2,4.546907700E1,-7.360066700E1,1.070000000E1,2.052633333E1,3.134824524E2,5.000000000E0,9.500000000E0
2.171811780E2,4.546920100E1,-7.360085200E1,1.080000000E1,2.001188889E1,3.126909790E2,5.000000000E0,9.500000000E0
2.181758059E2,4.546931900E1,-7.360103900E1,1.040000000E1,1.970322222E1,3.116937866E2,5.000000000E0,9.500000000E0
2.191741550E2,4.546943100E1,-7.360122500E1,1.040000000E1,1.970322222E1,3.116937866E2,5.000000000E0,9.500000000E0
2.202717030E2,4.546954900E1,-7.360142800E1,1.090000000E1,1.862288889E1,3.085674744E2,1.000000000E1,1.900000000E1
2.212659260E2,4.546965600E1,-7.360161700E1,1.160000000E1,1.888011111E1,3.066418457E2,1.000000000E1,1.900000000E1
2.222445790E2,4.546975800E1,-7.360180700E1,1.190000000E1,1.888011111E1,3.065350342E2,1.000000000E1,1.900000000E1
2.232651809E2,4.546985700E1,-7.360200100E1,1.140000000E1,1.862288889E1,3.059372253E2,1.000000000E1,1.900000000E1
2.242392839E2,4.546995100E1,-7.360219300E1,1.070000000E1,1.831422222E1,3.042225647E2,1.000000000E1,1.900000000E1
2.252524379E2,4.547004300E1,-7.360238800E1,1.040000000E1,1.831422222E1,3.033144531E2,3.000000000E1,5.700000000E1
2.262335150E2,4.547013300E1,-7.360258800E1,1.060000000E1,1.831422222E1,3.022491150E2,3.000000000E1,5.700000000E1
2.272211770E2,4.547022500E1,-7.360279700E1,1.060000000E1,1.913733333E1,3.014075623E2,3.000000000E1,5.700000000E1
2.282297870E2,4.547031300E1,-7.360301300E1,9.800000000E0,1.913733333E1,2.998489685E2,3.000000000E1,5.700000000E1
2.292259250E2,4.547039700E1,-7.360322800E1,9.600000000E0,1.913733333E1,2.985306702E2,3.000000000E1,5.700000000E1
2.302165869E2,4.547047800E1,-7.360344500E1,9.500000000E0,1.913733333E1,2.971992493E2,3.000000000E1,5.700000000E1
2.312150769E2,4.547055400E1,-7.360365600E1,9.100000000E0,1.862288889E1,2.953982239E2,3.000000000E1,5.700000000E1
2.322123079E2,4.547062500E1,-7.360385500E1,9.500000000E0,1.749111111E1,2.990620117E2,3.000000000E1,5.700000000E1
2.332119770E2,4.547069700E1,-7.360404800E1,9.500000000E0,1.692522222E1,2.990620117E2,3.000000000E1,5.700000000E1
2.341782399E2,4.547077000E1,-7.360423900E1,9.800000000E0,1.692522222E1,2.972103577E2,3.000000000E1,5.700000000E1
2.352099880E2,4.547084400E1,-7.360443100E1,1.010000000E1,1.692522222E1,2.972103577E2,3.000000000E1,5.700000000E1
2.361927730E2,4.547091400E1,-7.360461500E1,1.000000000E1,1.635933333E1,2.972103577E2,1.000000000E1,1.900000000E1
2.371948479E2,4.547098300E1,-7.360480300E1,1.030000000E1,1.635933333E1,2.972103577E2,3.000000000E1,5.700000000E1
2.381901690E2,4.547105100E1,-7.360499300E1,1.000000000E1,1.666800000E1,2.974019470E2,1.000000000E1,1.900000000E1
2.391850699E2,4.547111700E1,-7.360518800E1,9.900000000E0,1.692522222E1,2.974019470E2,3.000000000E1,5.700000000E1
2.402779989E2,4.547119100E1,-7.360540600E1,9.600000000E0,1.692522222E1,2.959613953E2,1.000000000E1,1.900000000E1
2.412742139E2,4.547125800E1,-7.360560800E1,9.200000000E0,1.749111111E1,2.959613953E2,1.000000000E1,1.900000000E1
2.422558860E2,4.547132400E1,-7.360580100E1,9.700000000E0,1.666800000E1,2.960997009E2,1.000000000E1,1.900000000E1
2.432529969E2,4.547139400E1,-7.360599300E1,1.020000000E1,1.666800000E1,2.975548401E2,1.000000000E1,1.900000000E1
2.442235819E2,4.547147300E1,-7.360618900E1,1.070000000E1,1.749111111E1,2.975548401E2,1.000000000E1,1.900000000E1
2.452677239E2,4.547156100E1,-7.360638900E1,1.140000000E1,1.831422222E1,2.988629150E2,1.000000000E1,1.900000000E1
2.462413939E2,4.547165200E1,-7.360658700E1,1.110000000E1,1.831422222E1,3.017631836E2,1.000000000E1,1.900000000E1
2.472420269E2,4.547174500E1,-7.360679000E1,1.120000000E1,1.888011111E1,3.017631836E2,1.000000000E1,1.900000000E1
2.482374960E2,4.547183900E1,-7.360699300E1,1.170000000E1,1.888011111E1,3.032000000E2,1.000000000E1,1.900000000E1
2.492402760E2,4.547193500E1,-7.360720100E1,1.130000000E1,1.944600000E1,3.033000000E2,1.000000000E1,1.900000000E1
2.502207350E2,4.547203000E1,-7.360740600E1,1.060000000E1,1.913733333E1,3.031000000E2,1.000000000E1,1.900000000E1
2.512140670E2,4.547212600E1,-7.360761500E1,1.060000000E1,1.944600000E1,3.031000000E2,1.000000000E1,1.900000000E1
2.522121919E2,4.547222300E1,-7.360782700E1,1.110000000E1,2.001188889E1,3.029000000E2,3.000000000E1,5.700000000E1
2.532096419E2,4.547232000E1,-7.360804000E1,1.180000000E1,1.970322222E1,3.031000000E2,3.000000000E1,5.700000000E1
2.542055370E2,4.547241500E1,-7.360824600E1,1.310000000E1,1.913733333E1,3.030000000E2,3.000000000E1,5.700000000E1
2.552094740E2,4.547250800E1,-7.360844900E1,1.350000000E1,1.888011111E1,3.030000000E2,3.000000000E1,5.700000000E1
2.561856610E2,4.547260000E1,-7.360864800E1,1.440000000E1,1.862288889E1,3.033000000E2,3.000000000E1,5.700000000E1
2.571974130E2,4.547269000E1,-7.360884300E1,1.480000000E1,1.805700000E1,3.029000000E2,3.000000000E1,5.700000000E1
2.581800740E2,4.547277500E1,-7.360903100E1,1.590000000E1,1.749111111E1,3.027000000E2,3.000000000E1,5.700000000E1
2.591801419E2,4.547285000E1,-7.360919800E1,1.700000000E1,1.553622222E1,3.026000000E2,3.000000000E1,5.700000000E1
2.601721699E2,4.547291700E1,-7.360934700E1,1.790000000E1,1.389000000E1,3.025000000E2,3.000000000E1,5.700000000E1
2.611777630E2,4.547297400E1,-7.360947200E1,1.790000000E1,1.389000000E1,3.025000000E2,3.000000000E1,5.700000000E1
2.622691430E2,4.547302400E1,-7.360958100E1,1.880000000E1,9.414333333E0,3.029000000E2,3.000000000E1,5.700000000E1
2.632714859E2,4.547305800E1,-7.360965500E1,1.970000000E1,6.945000000E0,3.028000000E2,3.000000000E1,5.700000000E1
2.642622919E2,4.547307900E1,-7.360970200E1,2.060000000E1,4.424222222E0,3.027000000E2,3.000000000E1,5.700000000E1
2.652569530E2,4.547308900E1,-7.360972400E1,2.110000000E1,2.212111111E0,3.026000000E2,3.000000000E1,5.700000000E1
2.662611719E2,4.547309100E1,-7.360972800E1,2.170000000E1,2.572222222E-1,3.025000000E2,3.000000000E1,5.700000000E1
2.672432439E2,4.547309100E1,-7.360972900E1,2.240000000E1,0.000000000E0,3.025000000E2,3.000000000E1,5.700000000E1
2.682283549E2,4.547309200E1,-7.360973100E1,2.270000000E1,0.000000000E0,3.025000000E2,3.000000000E1,5.700000000E1
2.692322550E2,4.547309800E1,-7.360974400E1,2.320000000E1,1.131777778E0,3.025000000E2,3.000000000E1,5.700000000E1
2.702239790E2,4.547310300E1,-7.360975400E1,2.330000000E1,8.231111111E-1,3.014000000E2,3.000000000E1,5.700000000E1
2.712211080E2,4.547310500E1,-7.360976000E1,2.310000000E1,5.658888889E-1,3.009000000E2,3.000000000E1,5.700000000E1
2.722164960E2,4.547310500E1,-7.360976000E1,2.300000000E1,0.000000000E0,3.009000000E2,3.000000000E1,5.700000000E1
2.732132440E2,4.547310500E1,-7.360976100E1,2.290000000E1,0.000000000E0,3.009000000E2,3.000000000E1,5.700000000E1
2.742153239E2,4.547310500E1,-7.360976100E1,2.300000000E1,0.000000000E0,3.008000000E2,3.000000000E1,5.700000000E1
2.752067950E2,4.547310500E1,-7.360976100E1,2.310000000E1,0.000000000E0,3.008000000E2,3.000000000E1,5.700000000E1
2.761904900E2,4.547310500E1,-7.360976100E1,2.310000000E1,0.000000000E0,3.008000000E2,3.000000000E1,5.700000000E1
2.771935199E2,4.547310500E1,-7.360976100E1,2.310000000E1,0.000000000E0,3.009000000E2,1.000000000E1,1.900000000E1
2.781797520E2,4.547310500E1,-7.360976100E1,2.310000000E1,0.000000000E0,3.009000000E2,1.000000000E1,1.900000000E1
2.791864359E2,4.547310500E1,-7.360976100E1,2.310000000E1,0.000000000E0,3.010000000E2,1.000000000E1,1.900000000E1
2.801747999E2,4.547310500E1,-7.360976100E1,2.310000000E1,0.000000000E0,3.010000000E2,1.000000000E1,1.900000000E1
2.811783980E2,4.547310500E1,-7.360976100E1,2.310000000E1,0.000000000E0,3.010000000E2,1.000000000E1,1.900000000E1
2.822677679E2,4.547310500E1,-7.360976100E1,2.310000000E1,0.000000000E0,3.010000000E2,3.000000000E1,5.700000000E1
2.832634810E2,4.547310500E1,-7.360976100E1,2.310000000E1,0.000000000E0,3.010000000E2,3.000000000E1,5.700000000E1
2.842636399E2,4.547310500E1,-7.360976100E1,2.310000000E1,0.000000000E0,3.011000000E2,3.000000000E1,5.700000000E1
2.852641870E2,4.547310900E1,-7.360977000E1,2.310000000E1,5.658888889E-1,3.012000000E2,3.000000000E1,5.700000000E1
2.862428910E2,4.547311700E1,-7.360978900E1,2.290000000E1,1.646222222E0,3.012000000E2,3.000000000E1,5.700000000E1
2.872449479E2,4.547312700E1,-7.360981100E1,2.300000000E1,1.646222222E0,3.018000000E2,1.000000000E1,1.900000000E1
2.882452890E2,4.547313600E1,-7.360983300E1,2.320000000E1,1.954888889E0,3.023000000E2,1.000000000E1,1.900000000E1
2.892344919E2,4.547314300E1,-7.360984800E1,2.330000000E1,1.389000000E0,3.027000000E2,1.000000000E1,1.900000000E1
2.902294190E2,4.547314800E1,-7.360985800E1,2.340000000E1,8.231111111E-1,3.028000000E2,1.000000000E1,1.900000000E1
2.912367979E2,4.547315000E1,-7.360986300E1,2.350000000E1,5.658888889E-1,3.028000000E2,1.000000000E1,1.900000000E1
2.922301099E2,4.547315000E1,-7.360986400E1,2.330000000E1,0.000000000E0,3.028000000E2,1.000000000E1,1.900000000E1
2.932176570E2,4.547315000E1,-7.360986400E1,2.310000000E1,0.000000000E0,3.028000000E2,1.000000000E1,1.900000000E1
2.942161820E2,4.547315000E1,-7.360986400E1,2.300000000E1,0.000000000E0,3.028000000E2,1.000000000E1,1.900000000E1
2.952039959E2,4.547315000E1,-7.360986400E1,2.300000000E1,0.000000000E0,3.028000000E2,1.000000000E1,1.900000000E1
2.961931030E2,4.547315000E1,-7.360986400E1,2.300000000E1,0.000000000E0,3.028000000E2,1.000000000E1,1.900000000E1
2.971978799E2,4.547315000E1,-7.360986400E1,2.300000000E1,0.000000000E0,3.028000000E2,1.000000000E1,1.900000000E1
2.981938499E2,4.547315000E1,-7.360986400E1,2.300000000E1,0.000000000E0,3.028000000E2,1.000000000E1,1.900000000E1
2.991909239E2,4.547315000E1,-7.360986400E1,2.300000000E1,0.000000000E0,3.028000000E2,1.000000000E1,1.900000000E1
3.001768149E2,4.547315000E1,-7.360986400E1,2.300000000E1,0.000000000E0,3.028000000E2,1.000000000E1,1.900000000E1
3.011810130E2,4.547315000E1,-7.360986400E1,2.300000000E1,0.000000000E0,3.028000000E2,1.000000000E1,1.900000000E1
3.021773050E2,4.547315000E1,-7.360986400E1,2.300000000E1,0.000000000E0,3.028000000E2,1.000000000E1,1.900000000E1
3.032701510E2,4.547315000E1,-7.360986400E1,2.300000000E1,0.000000000E0,3.028000000E2,1.000000000E1,1.900000000E1
3.042561450E2,4.547315000E1,-7.360986400E1,2.300000000E1,0.000000000E0,3.028000000E2,1.000000000E1,1.900000000E1
3.052602689E2,4.547315000E1,-7.360986400E1,2.300000000E1,0.000000000E0,3.028000000E2,1.000000000E1,1.900000000E1
3.062453630E2,4.547315000E1,-7.360986400E1,2.300000000E1,0.000000000E0,3.028000000E2,1.000000000E1,1.900000000E1
3.072415789E2,4.547315000E1,-7.360986400E1,2.300000000E1,0.000000000E0,3.028000000E2,1.000000000E1,1.900000000E1
3.082360350E2,4.547315000E1,-7.360986400E1,2.300000000E1,0.000000000E0,3.028000000E2,1.000000000E1,1.900000000E1
3.092379810E2,4.547315000E1,-7.360986400E1,2.300000000E1,0.000000000E0,3.028000000E2,1.000000000E1,1.900000000E1
3.102283770E2,4.547315000E1,-7.360986400E1,2.300000000E1,0.000000000E0,3.028000000E2,1.000000000E1,1.900000000E1
3.112236340E2,4.547315000E1,-7.360986400E1,2.300000000E1,0.000000000E0,3.028000000E2,1.000000000E1,1.900000000E1
3.122241549E2,4.547315000E1,-7.360986400E1,2.300000000E1,0.000000000E0,3.028000000E2,1.000000000E1,1.900000000E1
3.132245140E2,4.547315000E1,-7.360986400E1,2.300000000E1,0.000000000E0,3.028000000E2,1.000000000E1,1.900000000E1
3.142112119E2,4.547315000E1,-7.360986400E1,2.300000000E1,0.000000000E0,3.028000000E2,1.000000000E1,1.900000000E1
3.152038460E2,4.547315000E1,-7.360986400E1,2.300000000E1,0.000000000E0,3.028000000E2,1.000000000E1,1.900000000E1
3.162001590E2,4.547315000E1,-7.360986400E1,2.300000000E1,0.000000000E0,3.028000000E2,1.000000000E1,1.900000000E1
3.172073680E2,4.547315000E1,-7.360986400E1,2.300000000E1,0.000000000E0,3.028000000E2,1.000000000E1,1.900000000E1
3.182003930E2,4.547315000E1,-7.360986400E1,2.300000000E1,0.000000000E0,3.028000000E2,1.000000000E1,1.900000000E1
3.191891049E2,4.547315000E1,-7.360986400E1,2.300000000E1,0.000000000E0,3.028000000E2,1.000000000E1,1.900000000E1
3.201914220E2,4.547315000E1,-7.360986400E1,2.300000000E1,0.000000000E0,3.028000000E2,1.000000000E1,1.900000000E1
3.211922580E2,4.547315000E1,-7.360986400E1,2.300000000E1,0.000000000E0,3.028000000E2,1.000000000E1,1.900000000E1
3.222647510E2,4.547315000E1,-7.360986400E1,2.300000000E1,0.000000000E0,3.028000000E2,1.000000000E1,1.900000000E1
3.232731240E2,4.547315000E1,-7.360986400E1,2.300000000E1,0.000000000E0,3.028000000E2,1.000000000E1,1.900000000E1
3.242634100E2,4.547315000E1,-7.360986400E1,2.300000000E1,0.000000000E0,3.028000000E2,1.000000000E1,1.900000000E1
3.252570390E2,4.547315000E1,-7.360986400E1,2.300000000E1,0.000000000E0,3.028000000E2,1.000000000E1,1.900000000E1
3.262551019E2,4.547315000E1,-7.360986400E1,2.300000000E1,0.000000000E0,3.028000000E2,1.000000000E1,1.900000000E1
3.272552390E2,4.547315400E1,-7.360987100E1,2.300000000E1,2.572222222E-1,3.030000000E2,1.000000000E1,1.900000000E1
3.282425760E2,4.547316700E1,-7.360989900E1,2.320000000E1,2.212111111E0,3.041000000E2,1.000000000E1,1.900000000E1
3.292429410E2,4.547318600E1,-7.360993900E1,2.340000000E1,3.601111111E0,3.053000000E2,1.000000000E1,1.900000000E1
3.302338090E2,4.547320800E1,-7.360998300E1,2.350000000E1,4.167000000E0,3.044000000E2,1.000000000E1,1.900000000E1
3.312356380E2,4.547322800E1,-7.361003100E1,2.360000000E1,4.167000000E0,2.981000000E2,1.000000000E1,1.900000000E1
3.322267109E2,4.547324200E1,-7.361009700E1,2.380000000E1,5.247333333E0,2.801000000E2,1.000000000E1,1.900000000E1
3.332239480E2,4.547324000E1,-7.361018300E1,2.390000000E1,6.121888889E0,2.516219940E2,1.000000000E1,1.900000000E1
3.342098349E2,4.547320600E1,-7.361026300E1,2.420000000E1,7.202222222E0,2.250965576E2,1.000000000E1,1.900000000E1
3.351894090E2,4.547314700E1,-7.361033900E1,2.440000000E1,8.591222222E0,2.137794342E2,1.000000000E1,1.900000000E1
3.362013249E2,4.547307500E1,-7.361041300E1,2.470000000E1,9.723000000E0,2.131798096E2,1.000000000E1,1.900000000E1
3.371999819E2,4.547299800E1,-7.361048200E1,2.530000000E1,9.980222222E0,2.133356781E2,3.000000000E1,5.700000000E1
3.381979649E2,4.547292700E1,-7.361053800E1,2.570000000E1,9.157111111E0,2.131117859E2,3.000000000E1,5.700000000E1
3.392017649E2,4.547286900E1,-7.361057300E1,2.580000000E1,7.202222222E0,1.964430389E2,3.000000000E1,5.700000000E1
3.401958879E2,4.547283400E1,-7.361058400E1,2.620000000E1,4.167000000E0,1.844129791E2,3.000000000E1,5.700000000E1
3.412055559E2,4.547282000E1,-7.361058600E1,2.650000000E1,1.646222222E0,1.852000000E2,3.000000000E1,5.700000000E1
3.421793500E2,4.547280300E1,-7.361058800E1,2.650000000E1,1.646222222E0,1.819000000E2,3.000000000E1,5.700000000E1
3.432718160E2,4.547276200E1,-7.361057800E1,2.670000000E1,3.858333333E0,1.636000000E2,3.000000000E1,5.700000000E1
3.442754129E2,4.547271700E1,-7.361053600E1,2.690000000E1,5.813222222E0,1.386000000E2,3.000000000E1,5.700000000E1
3.452726220E2,4.547267000E1,-7.361045600E1,2.720000000E1,7.768111111E0,1.223837891E2,3.000000000E1,5.700000000E1
3.462662100E2,4.547262100E1,-7.361035600E1,2.720000000E1,9.414333333E0,1.227018509E2,3.000000000E1,5.700000000E1
3.472479210E2,4.547257500E1,-7.361025200E1,2.720000000E1,9.414333333E0,1.227018509E2,3.000000000E1,5.700000000E1
3.482474359E2,4.547253000E1,-7.361014700E1,2.750000000E1,9.414333333E0,1.227018509E2,3.000000000E1,5.700000000E1
3.492453799E2,4.547249100E1,-7.361005700E1,2.740000000E1,8.334000000E0,1.224892120E2,3.000000000E1,5.700000000E1
3.502415650E2,4.547245700E1,-7.360997800E1,2.760000000E1,7.202222222E0,1.224892120E2,3.000000000E1,5.700000000E1
3.512413460E2,4.547242200E1,-7.360989800E1,2.760000000E1,7.202222222E0,1.224892120E2,3.000000000E1,5.700000000E1
3.522431389E2,4.547237800E1,-7.360980600E1,2.780000000E1,8.334000000E0,1.224892120E2,3.000000000E1,5.700000000E1
3.532178340E2,4.547232900E1,-7.360970000E1,2.770000000E1,9.723000000E0,1.224892120E2,3.000000000E1,5.700000000E1
3.541999739E2,4.547227300E1,-7.360957800E1,2.720000000E1,1.111200000E1,1.224892120E2,3.000000000E1,5.700000000E1
3.552117159E2,4.547221300E1,-7.360944600E1,2.720000000E1,1.224377778E1,1.224892120E2,3.000000000E1,5.700000000E1
3.562154870E2,4.547214600E1,-7.360930500E1,2.680000000E1,1.275822222E1,1.224688797E2,3.000000000E1,5.700000000E1
3.572045699E2,4.547208900E1,-7.360917600E1,2.680000000E1,1.193511111E1,1.224688797E2,3.000000000E1,5.700000000E1
3.582014480E2,4.547203900E1,-7.360906500E1,2.610000000E1,1.054611111E1,1.224688797E2,3.000000000E1,5.700000000E1
3.591963160E2,4.547200100E1,-7.360898000E1,2.560000000E1,8.025333333E0,1.224688797E2,3.000000000E1,5.700000000E1
3.601952400E2,4.547196400E1,-7.360889800E1,2.550000000E1,7.510888889E0,1.224688797E2,3.000000000E1,5.700000000E1
3.611844400E2,4.547192000E1,-7.360880100E1,2.540000000E1,8.591222222E0,1.224688797E2,3.000000000E1,5.700000000E1
3.621972680E2,4.547186800E1,-7.360868700E1,2.550000000E1,1.028888889E1,1.224688797E2,3.000000000E1,5.700000000E1
3.631819780E2,4.547181300E1,-7.360857600E1,2.490000000E1,1.054611111E1,1.224688797E2,3.000000000E1,5.700000000E1
3.641741459E2,4.547175900E1,-7.360846800E1,2.490000000E1,1.054611111E1,1.224688797E2,3.000000000E1,5.700000000E1
3.652635350E2,4.547171000E1,-7.360836600E1,2.410000000E1,8.591222222E0,1.224688797E2,3.000000000E1,5.700000000E1
3.662692020E2,4.547167800E1,-7.360829800E1,2.390000000E1,6.636333333E0,1.238347855E2,3.000000000E1,5.700000000E1
3.672506939E2,4.547165900E1,-7.360825500E1,2.340000000E1,4.167000000E0,1.232307129E2,3.000000000E1,5.700000000E1
3.682512300E2,4.547164900E1,-7.360823300E1,2.330000000E1,2.212111111E0,1.232307129E2,3.000000000E1,5.700000000E1
3.692439120E2,4.547164500E1,-7.360822400E1,2.330000000E1,8.231111111E-1,1.232307129E2,3.000000000E1,5.700000000E1
3.702480429E2,4.547164500E1,-7.360822300E1,2.290000000E1,0.000000000E0,1.232307129E2,3.000000000E1,5.700000000E1
3.712374159E2,4.547164500E1,-7.360822300E1,2.170000000E1,0.000000000E0,1.232307129E2,3.000000000E1,5.700000000E1
3.722283909E2,4.547164500E1,-7.360822300E1,2.110000000E1,0.000000000E0,1.232307129E2,3.000000000E1,5.700000000E1
3.732258849E2,4.547164500E1,-7.360822300E1,2.100000000E1,0.000000000E0,1.232307129E2,3.000000000E1,5.700000000E1
3.742240850E2,4.547164500E1,-7.360822300E1,2.100000000E1,0.000000000E0,1.232307129E2,3.000000000E1,5.700000000E1
3.752290549E2,4.547164500E1,-7.360822300E1,2.100000000E1,0.000000000E0,1.232307129E2,3.000000000E1,5.700000000E1
3.762161670E2,4.547164500E1,-7.360822300E1,2.100000000E1,0.000000000E0,1.232307129E2,3.000000000E1,5.700000000E1
3.772052610E2,4.547164500E1,-7.360822300E1,2.100000000E1,0.000000000E0,1.232307129E2,3.000000000E1,5.700000000E1
3.782062030E2,4.547164500E1,-7.360822300E1,2.100000000E1,0.000000000E0,1.232307129E2,3.000000000E1,5.700000000E1
3.792001079E2,4.547164500E1,-7.360822300E1,2.100000000E1,0.000000000E0,1.232307129E2,3.000000000E1,5.700000000E1
3.801950910E2,4.547164500E1,-7.360822300E1,2.100000000E1,0.000000000E0,1.232307129E2,3.000000000E1,5.700000000E1
3.811891010E2,4.547164500E1,-7.360822300E1,2.100000000E1,0.000000000E0,1.232307129E2,3.000000000E1,5.700000000E1
3.821949539E2,4.547164500E1,-7.360822300E1,2.100000000E1,0.000000000E0,1.232307129E2,3.000000000E1,5.700000000E1
3.831756240E2,4.547164500E1,-7.360822300E1,2.100000000E1,0.000000000E0,1.232307129E2,3.000000000E1,5.700000000E1
3.841834639E2,4.547164500E1,-7.360822300E1,2.100000000E1,0.000000000E0,1.232307129E2,3.000000000E1,5.700000000E1
3.852633100E2,4.547164500E1,-7.360822300E1,2.100000000E1,0.000000000E0,1.232307129E2,3.000000000E1,5.700000000E1
3.862650410E2,4.547164500E1,-7.360822300E1,2.100000000E1,0.000000000E0,1.232307129E2,3.000000000E1,5.700000000E1
3.872591950E2,4.547164500E1,-7.360822300E1,2.100000000E1,0.000000000E0,1.232307129E2,3.000000000E1,5.700000000E1
3.882637630E2,4.547164500E1,-7.360822300E1,2.100000000E1,0.000000000E0,1.232307129E2,3.000000000E1,5.700000000E1
3.892430010E2,4.547164500E1,-7.360822300E1,2.100000000E1,0.000000000E0,1.232307129E2,3.000000000E1,5.700000000E1
3.902443919E2,4.547164500E1,-7.360822300E1,2.100000000E1,0.000000000E0,1.232307129E2,3.000000000E1,5.700000000E1
3.912364860E2,4.547164500E1,-7.360822300E1,2.100000000E1,0.000000000E0,1.232307129E2,3.000000000E1,5.700000000E1
3.922354100E2,4.547164500E1,-7.360822300E1,2.100000000E1,0.000000000E0,1.232307129E2,3.000000000E1,5.700000000E1
3.932310410E2,4.547164500E1,-7.360822300E1,2.100000000E1,0.000000000E0,1.232307129E2,3.000000000E1,5.700000000E1
3.942235910E2,4.547164500E1,-7.360822300E1,2.100000000E1,0.000000000E0,1.232307129E2,3.000000000E1,5.700000000E1
3.952179070E2,4.547164500E1,-7.360822300E1,2.100000000E1,0.000000000E0,1.232307129E2,3.000000000E1,5.700000000E1
3.962215739E2,4.547164500E1,-7.360822300E1,2.100000000E1,0.000000000E0,1.232307129E2,3.000000000E1,5.700000000E1
3.972040290E2,4.547164500E1,-7.360822300E1,2.100000000E1,0.000000000E0,1.232307129E2,3.000000000E1,5.700000000E1
3.982042480E2,4.547164500E1,-7.360822300E1,2.100000000E1,0.000000000E0,1.232307129E2,3.000000000E1,5.700000000E1
3.991956309E2,4.547164500E1,-7.360822300E1,2.100000000E1,0.000000000E0,1.232307129E2,3.000000000E1,5.700000000E1
4.002070310E2,4.547164500E1,-7.360822300E1,2.100000000E1,0.000000000E0,1.232307129E2,3.000000000E1,5.700000000E1
4.012009569E2,4.547164500E1,-7.360822300E1,2.100000000E1,0.000000000E0,1.232307129E2,3.000000000E1,5.700000000E1
4.021925460E2,4.547164500E1,-7.360822300E1,2.100000000E1,0.000000000E0,1.232307129E2,3.000000000E1,5.700000000E1
4.032004429E2,4.547164500E1,-7.360822300E1,2.100000000E1,0.000000000E0,1.232307129E2,3.000000000E1,5.700000000E1
4.041754320E2,4.547164400E1,-7.360822300E1,2.100000000E1,0.000000000E0,1.232307129E2,3.000000000E1,5.700000000E1
4.052685859E2,4.547164200E1,-7.360821800E1,2.100000000E1,2.572222222E-1,1.232307129E2,3.000000000E1,5.700000000E1
4.062673440E2,4.547163200E1,-7.360819500E1,2.120000000E1,1.954888889E0,1.232307129E2,3.000000000E1,5.700000000E1
4.072559639E2,4.547161800E1,-7.360815000E1,2.110000000E1,2.778000000E0,1.232307129E2,3.000000000E1,5.700000000E1
4.082565579E2,4.547160000E1,-7.360811100E1,2.130000000E1,3.343888889E0,1.232307129E2,3.000000000E1,5.700000000E1
4.092474560E2,4.547158100E1,-7.360807100E1,2.130000000E1,3.601111111E0,1.257475967E2,3.000000000E1,5.700000000E1
4.102490070E2,4.547155600E1,-7.360803200E1,2.140000000E1,3.858333333E0,1.366399536E2,3.000000000E1,5.700000000E1
4.112417580E2,4.547152200E1,-7.360800300E1,2.160000000E1,4.167000000E0,1.581326752E2,3.000000000E1,5.700000000E1
4.122405699E2,4.547148456E1,-7.360796986E1,2.170000000E1,4.732888889E0,1.682367249E2,3.000000000E1,5.700000000E1
4.132326950E2,4.547143400E1,-7.360803700E1,2.190000000E1,5.556000000E0,2.334404907E2,1.000000000E1,1.900000000E1
4.142361790E2,4.547138700E1,-7.360810500E1,2.200000000E1,7.202222222E0,2.334404907E2,1.000000000E1,1.900000000E1
4.152355070E2,4.547134000E1,-7.360818800E1,2.200000000E1,8.334000000E0,2.334404907E2,1.000000000E1,1.900000000E1
4.162187159E2,4.547130100E1,-7.360826700E1,2.230000000E1,7.510888889E0,2.334404907E2,1.000000000E1,1.900000000E1
4.172093400E2,4.547127100E1,-7.360832600E1,2.240000000E1,5.813222222E0,2.334404907E2,1.000000000E1,1.900000000E1
4.182071650E2,4.547125300E1,-7.360836200E1,2.290000000E1,3.343888889E0,2.334404907E2,1.000000000E1,1.900000000E1
4.192003260E2,4.547123700E1,-7.360839500E1,2.320000000E1,3.035222222E0,2.334404907E2,1.000000000E1,1.900000000E1
4.202077529E2,4.547121100E1,-7.360844500E1,2.340000000E1,4.424222222E0,2.332219086E2,1.000000000E1,1.900000000E1
4.211923859E2,4.547117900E1,-7.360851000E1,2.380000000E1,5.813222222E0,2.332219086E2,1.000000000E1,1.900000000E1
4.221993140E2,4.547114000E1,-7.360856800E1,2.430000000E1,6.636333333E0,2.332219086E2,1.000000000E1,1.900000000E1
4.231774060E2,4.547110200E1,-7.360864600E1,2.480000000E1,7.202222222E0,2.329452209E2,1.000000000E1,1.900000000E1
4.241778840E2,4.547105900E1,-7.360873300E1,2.510000000E1,8.025333333E0,2.337772827E2,1.000000000E1,1.900000000E1
4.252726040E2,4.547100400E1,-7.360884200E1,2.490000000E1,9.414333333E0,2.329876404E2,1.000000000E1,1.900000000E1
4.262736050E2,4.547095600E1,-7.360893800E1,2.500000000E1,9.157111111E0,2.333981323E2,5.000000000E0,9.500000000E0
4.272691740E2,4.547090600E1,-7.360903600E1,2.480000000E1,9.414333333E0,2.333981323E2,5.000000000E0,9.500000000E0
4.282642360E2,4.547085500E1,-7.360913400E1,2.530000000E1,9.414333333E0,2.333981323E2,5.000000000E0,9.500000000E0
4.292464780E2,4.547080600E1,-7.360922700E1,2.560000000E1,8.899888889E0,2.334243469E2,1.000000000E1,1.900000000E1
4.302674190E2,4.547075200E1,-7.360930500E1,2.590000000E1,8.591222222E0,2.334243469E2,1.000000000E1,1.900000000E1
4.312412989E2,4.547070900E1,-7.360938500E1,2.560000000E1,7.768111111E0,2.334243469E2,1.000000000E1,1.900000000E1
4.322434909E2,4.547066800E1,-7.360946600E1,2.570000000E1,7.510888889E0,2.334243469E2,1.000000000E1,1.900000000E1
4.332322539E2,4.547062800E1,-7.360954800E1,2.510000000E1,7.768111111E0,2.334243469E2,1.000000000E1,1.900000000E1
4.342331990E2,4.547058600E1,-7.360963100E1,2.480000000E1,7.768111111E0,2.332214355E2,1.000000000E1,1.900000000E1
4.352332560E2,4.547054300E1,-7.360971500E1,2.500000000E1,8.025333333E0,2.332214355E2,1.000000000E1,1.900000000E1
4.362100799E2,4.547049900E1,-7.360979800E1,2.510000000E1,8.025333333E0,2.332214355E2,1.000000000E1,1.900000000E1
4.372113800E2,4.547045200E1,-7.360988500E1,2.560000000E1,8.334000000E0,2.332214355E2,1.000000000E1,1.900000000E1
4.382108330E2,4.547040500E1,-7.360997200E1,2.580000000E1,8.591222222E0,2.332214355E2,1.000000000E1,1.900000000E1
4.391971409E2,4.547036000E1,-7.361005600E1,2.580000000E1,8.025333333E0,2.332214355E2,1.000000000E1,1.900000000E1
4.402020069E2,4.547030500E1,-7.361014400E1,2.610000000E1,8.899888889E0,2.331959229E2,3.000000000E1,5.700000000E1
4.411925399E2,4.547025800E1,-7.361023600E1,2.580000000E1,8.899888889E0,2.331959229E2,3.000000000E1,5.700000000E1
4.421966139E2,4.547021000E1,-7.361032800E1,2.580000000E1,8.899888889E0,2.331959229E2,3.000000000E1,5.700000000E1
4.431765640E2,4.547016300E1,-7.361041800E1,2.530000000E1,8.591222222E0,2.331959229E2,1.000000000E1,1.900000000E1
4.441919320E2,4.547011800E1,-7.361050300E1,2.520000000E1,8.334000000E0,2.331959229E2,1.000000000E1,1.900000000E1
4.452706130E2,4.547006700E1,-7.361059800E1,2.540000000E1,8.334000000E0,2.331306305E2,1.000000000E1,1.900000000E1
4.462718120E2,4.547002300E1,-7.361068000E1,2.560000000E1,8.025333333E0,2.331306305E2,1.000000000E1,1.900000000E1
4.472649610E2,4.546998300E1,-7.361075600E1,2.550000000E1,7.202222222E0,2.331306305E2,1.000000000E1,1.900000000E1
4.482700970E2,4.546993700E1,-7.361084100E1,2.560000000E1,8.025333333E0,2.331306305E2,1.000000000E1,1.900000000E1
4.492641469E2,4.546989700E1,-7.361091800E1,2.580000000E1,7.510888889E0,2.331306305E2,1.000000000E1,1.900000000E1
4.502525780E2,4.546986200E1,-7.361098500E1,2.570000000E1,6.379111111E0,2.333100891E2,1.000000000E1,1.900000000E1
4.512397159E2,4.546983400E1,-7.361104000E1,2.640000000E1,5.247333333E0,2.333100891E2,1.000000000E1,1.900000000E1
4.522485560E2,4.546981200E1,-7.361108300E1,2.640000000E1,4.167000000E0,2.333100891E2,1.000000000E1,1.900000000E1
4.532409120E2,4.546979500E1,-7.361111700E1,2.660000000E1,3.343888889E0,2.333100891E2,1.000000000E1,1.900000000E1
4.542338110E2,4.546978500E1,-7.361113700E1,2.700000000E1,1.954888889E0,2.333100891E2,1.000000000E1,1.900000000E1
4.552333610E2,4.546978000E1,-7.361114700E1,2.710000000E1,8.231111111E-1,2.333100891E2,1.000000000E1,1.900000000E1
4.562271709E2,4.546976400E1,-7.361118000E1,2.760000000E1,2.778000000E0,2.333100891E2,1.000000000E1,1.900000000E1
4.572113060E2,4.546973500E1,-7.361123900E1,2.760000000E1,5.247333333E0,2.333100891E2,1.000000000E1,1.900000000E1
4.582098420E2,4.546968400E1,-7.361132600E1,2.740000000E1,7.768111111E0,2.331641388E2,1.000000000E1,1.900000000E1
4.592080129E2,4.546963400E1,-7.361141800E1,2.740000000E1,8.899888889E0,2.331641388E2,1.000000000E1,1.900000000E1
4.602069759E2,4.546958600E1,-7.361150600E1,2.730000000E1,8.591222222E0,2.331641388E2,1.000000000E1,1.900000000E1
4.612036560E2,4.546953800E1,-7.361159500E1,2.740000000E1,8.591222222E0,2.331641388E2,1.000000000E1,1.900000000E1
4.621967859E2,4.546949300E1,-7.361167800E1,2.810000000E1,8.334000000E0,2.331641388E2,1.000000000E1,1.900000000E1
4.631866870E2,4.546945400E1,-7.361174900E1,2.830000000E1,6.945000000E0,2.331325989E2,1.000000000E1,1.900000000E1
4.641971689E2,4.546941900E1,-7.361181300E1,2.850000000E1,6.379111111E0,2.331325989E2,1.000000000E1,1.900000000E1
4.651469510E2,4.546939500E1,-7.361185800E1,2.850000000E1,4.424222222E0,2.331325989E2,1.000000000E1,1.900000000E1
4.661787829E2,4.546937800E1,-7.361188900E1,2.850000000E1,4.424222222E0,2.331325989E2,1.000000000E1,1.900000000E1
4.672689509E2,4.546936800E1,-7.361190700E1,2.800000000E1,1.646222222E0,2.331325989E2,1.000000000E1,1.900000000E1
4.682683899E2,4.546936100E1,-7.361192000E1,2.770000000E1,8.231111111E-1,2.331325989E2,1.000000000E1,1.900000000E1
4.692643490E2,4.546934200E1,-7.361195500E1,2.780000000E1,3.035222222E0,2.331325989E2,1.000000000E1,1.900000000E1
4.702546730E2,4.546931400E1,-7.361200800E1,2.810000000E1,4.990111111E0,2.331325989E2,1.000000000E1,1.900000000E1
4.712573019E2,4.546928600E1,-7.361206000E1,2.810000000E1,4.990111111E0,2.331325989E2,1.000000000E1,1.900000000E1
4.722470579E2,4.546926000E1,-7.361211300E1,2.800000000E1,4.990111111E0,2.331325989E2,1.000000000E1,1.900000000E1
4.732264030E2,4.546923400E1,-7.361216300E1,2.830000000E1,4.732888889E0,2.331325989E2,1.000000000E1,1.900000000E1
4.742347870E2,4.546920600E1,-7.361221400E1,2.820000000E1,4.732888889E0,2.331821289E2,1.000000000E1,1.900000000E1
4.752346020E2,4.546917400E1,-7.361227300E1,2.830000000E1,5.556000000E0,2.331821289E2,1.000000000E1,1.900000000E1
4.762269850E2,4.546914100E1,-7.361233600E1,2.840000000E1,6.121888889E0,2.331821289E2,1.000000000E1,1.900000000E1
4.772358680E2,4.546910200E1,-7.361240900E1,2.800000000E1,6.379111111E0,2.331821289E2,1.000000000E1,1.900000000E1
4.782194120E2,4.546907300E1,-7.361246400E1,2.800000000E1,5.247333333E0,2.331821289E2,5.000000000E0,9.500000000E0
4.792047069E2,4.546904300E1,-7.361252000E1,2.820000000E1,5.247333333E0,2.331821289E2,5.000000000E0,9.500000000E0
4.802124070E2,4.546901700E1,-7.361256900E1,2.850000000E1,4.732888889E0,2.331821289E2,5.000000000E0,9.500000000E0
4.811970840E2,4.546899600E1,-7.361260800E1,2.870000000E1,3.858333333E0,2.331821289E2,5.000000000E0,9.500000000E0
4.821942060E2,4.546897500E1,-7.361265000E1,2.890000000E1,3.858333333E0,2.331821289E2,5.000000000E0,9.500000000E0
4.831902959E2,4.546895300E1,-7.361269200E1,2.920000000E1,4.167000000E0,2.331821289E2,5.000000000E0,9.500000000E0
4.841838120E2,4.546893200E1,-7.361273100E1,2.930000000E1,3.601111111E0,2.331821289E2,5.000000000E0,9.500000000E0
4.851765670E2,4.546890800E1,-7.361277800E1,2.950000000E1,4.424222222E0,2.343451538E2,5.000000000E0,9.500000000E0
4.861970739E2,4.546888500E1,-7.361282500E1,2.950000000E1,4.424222222E0,2.343451538E2,5.000000000E0,9.500000000E0
4.872747979E2,4.546886100E1,-7.361287000E1,2.950000000E1,3.858333333E0,2.343451538E2,5.000000000E0,9.500000000E0
4.882736909E2,4.546884200E1,-7.361290700E1,2.960000000E1,3.343888889E0,2.343451538E2,5.000000000E0,9.500000000E0
4.892665490E2,4.546882200E1,-7.361294500E1,2.950000000E1,3.601111111E0,2.343451538E2,1.000000000E1,1.900000000E1
4.902704560E2,4.546880500E1,-7.361297700E1,2.960000000E1,3.035222222E0,2.343451538E2,1.000000000E1,1.900000000E1
4.912403259E2,4.546879100E1,-7.361300300E1,2.960000000E1,2.520777778E0,2.342958069E2,1.000000000E1,1.900000000E1
4.922456690E2,4.546878100E1,-7.361302200E1,2.950000000E1,1.646222222E0,2.342958069E2,1.000000000E1,1.900000000E1
4.932373669E2,4.546876900E1,-7.361304500E1,2.940000000E1,1.954888889E0,2.342958069E2,1.000000000E1,1.900000000E1
4.942352229E2,4.546875300E1,-7.361307500E1,2.930000000E1,2.778000000E0,2.342958069E2,1.000000000E1,1.900000000E1
4.952295710E2,4.546873500E1,-7.361312000E1,2.940000000E1,3.035222222E0,2.342958069E2,1.000000000E1,1.900000000E1
4.962292520E2,4.546872300E1,-7.361314400E1,2.960000000E1,2.212111111E0,2.342958069E2,1.000000000E1,1.900000000E1
4.972327809E2,4.546871000E1,-7.361316800E1,2.960000000E1,2.212111111E0,2.342958069E2,1.000000000E1,1.900000000E1
4.982197670E2,4.546869600E1,-7.361319400E1,2.980000000E1,2.520777778E0,2.342958069E2,1.000000000E1,1.900000000E1
4.992262729E2,4.546868500E1,-7.361321500E1,2.990000000E1,1.954888889E0,2.342958069E2,1.000000000E1,1.900000000E1
5.002071249E2,4.546866700E1,-7.361324800E1,2.990000000E1,3.035222222E0,2.343791504E2,1.000000000E1,1.900000000E1
5.012088270E2,4.546864600E1,-7.361328600E1,2.990000000E1,3.601111111E0,2.343791504E2,1.000000000E1,1.900000000E1
5.022022860E2,4.546862500E1,-7.361332000E1,3.000000000E1,3.343888889E0,2.343791504E2,1.000000000E1,1.900000000E1
5.031905060E2,4.546860500E1,-7.361335500E1,3.010000000E1,3.343888889E0,2.343791504E2,1.000000000E1,1.900000000E1
5.041916250E2,4.546858500E1,-7.361338800E1,3.000000000E1,3.343888889E0,2.343791504E2,5.000000000E0,9.500000000E0
5.051766469E2,4.546856500E1,-7.361342100E1,2.990000000E1,3.343888889E0,2.343791504E2,5.000000000E0,9.500000000E0
5.061847500E2,4.546854700E1,-7.361345400E1,2.990000000E1,3.035222222E0,2.343791504E2,1.000000000E1,1.900000000E1
5.072699890E2,4.546852800E1,-7.361349100E1,3.020000000E1,3.035222222E0,2.343791504E2,1.000000000E1,1.900000000E1
5.082729050E2,4.546851100E1,-7.361352300E1,3.050000000E1,3.035222222E0,2.343791504E2,1.000000000E1,1.900000000E1
5.092437890E2,4.546849700E1,-7.361354900E1,3.070000000E1,2.520777778E0,2.343791504E2,1.000000000E1,1.900000000E1
5.102639869E2,4.546848300E1,-7.361357700E1,3.090000000E1,2.520777778E0,2.343791504E2,1.000000000E1,1.900000000E1
5.112571640E2,4.546846800E1,-7.361360400E1,3.100000000E1,2.520777778E0,2.343791504E2,1.000000000E1,1.900000000E1
5.122519530E2,4.546845600E1,-7.361362800E1,3.110000000E1,2.212111111E0,2.343791504E2,1.000000000E1,1.900000000E1
5.132421370E2,4.546844700E1,-7.361364400E1,3.120000000E1,1.646222222E0,2.343791504E2,1.000000000E1,1.900000000E1
5.142403100E2,4.546844400E1,-7.361365200E1,3.130000000E1,5.658888889E-1,2.343791504E2,1.000000000E1,1.900000000E1
5.152304580E2,4.546843000E1,-7.361368800E1,3.130000000E1,1.954888889E0,2.343791504E2,1.000000000E1,1.900000000E1
5.162354020E2,4.546840300E1,-7.361374000E1,3.130000000E1,4.732888889E0,2.344942474E2,1.000000000E1,1.900000000E1
5.172275820E2,4.546836300E1,-7.361382000E1,3.130000000E1,7.202222222E0,2.344942474E2,1.000000000E1,1.900000000E1
5.182293420E2,4.546831100E1,-7.361392000E1,3.120000000E1,9.414333333E0,2.336039124E2,1.000000000E1,1.900000000E1
5.191968060E2,4.546825300E1,-7.361402800E1,3.110000000E1,1.054611111E1,2.336039124E2,1.000000000E1,1.900000000E1
5.202122149E2,4.546819800E1,-7.361412900E1,3.120000000E1,9.980222222E0,2.336039124E2,5.000000000E0,9.500000000E0
5.212051270E2,4.546816080E1,-7.361423846E1,3.130000000E1,9.414333333E0,2.336039124E2,5.000000000E0,9.500000000E0
5.222031000E2,4.546811158E1,-7.361433593E1,3.110000000E1,8.899888889E0,2.341873627E2,5.000000000E0,9.500000000E0
5.231922649E2,4.546806175E1,-7.361443410E1,3.140000000E1,9.414333333E0,2.341873627E2,1.000000000E1,1.900000000E1
5.241931840E2,4.546800100E1,-7.361451500E1,3.200000000E1,8.899888889E0,2.341873627E2,5.000000000E0,9.500000000E0
5.251779990E2,4.546795600E1,-7.361461100E1,3.220000000E1,8.899888889E0,2.341873627E2,1.000000000E1,1.900000000E1
5.261746069E2,4.546791300E1,-7.361469600E1,3.190000000E1,8.334000000E0,2.340999451E2,1.000000000E1,1.900000000E1
5.272699900E2,4.546786200E1,-7.361479000E1,3.200000000E1,8.334000000E0,2.340999451E2,1.000000000E1,1.900000000E1
5.282745080E2,4.546782910E1,-7.361489156E1,3.230000000E1,8.591222222E0,2.340999451E2,1.000000000E1,1.900000000E1
5.292646470E2,4.546778027E1,-7.361498531E1,3.240000000E1,8.899888889E0,2.333658295E2,1.000000000E1,1.900000000E1
5.302697279E2,4.546772975E1,-7.361508187E1,3.270000000E1,9.414333333E0,2.333658295E2,1.000000000E1,1.900000000E1
5.312531439E2,4.546768443E1,-7.361516853E1,3.260000000E1,8.334000000E0,2.333734741E2,1.000000000E1,1.900000000E1
5.322511690E2,4.546763875E1,-7.361525586E1,3.280000000E1,8.334000000E0,2.333734741E2,1.000000000E1,1.900000000E1
5.332409320E2,4.546759031E1,-7.361534846E1,3.280000000E1,8.899888889E0,2.333734741E2,1.000000000E1,1.900000000E1
5.342390090E2,4.546753613E1,-7.361545204E1,3.350000000E1,9.414333333E0,2.333734741E2,1.000000000E1,1.900000000E1
5.352392900E2,4.546748332E1,-7.361555321E1,3.340000000E1,9.723000000E0,2.334335785E2,1.000000000E1,1.900000000E1
5.362352830E2,4.546743397E1,-7.361564781E1,3.340000000E1,9.157111111E0,2.335606232E2,1.000000000E1,1.900000000E1
5.372143439E2,4.546738849E1,-7.361573535E1,3.330000000E1,8.334000000E0,2.335606232E2,1.000000000E1,1.900000000E1
5.382228240E2,4.546733960E1,-7.361582947E1,3.350000000E1,9.157111111E0,2.335606232E2,1.000000000E1,1.900000000E1
5.392318120E2,4.546729076E1,-7.361592349E1,3.410000000E1,8.591222222E0,2.335606232E2,1.000000000E1,1.900000000E1
5.402283909E2,4.546724393E1,-7.361601362E1,3.430000000E1,8.591222222E0,2.335606232E2,1.000000000E1,1.900000000E1
5.412058489E2,4.546719825E1,-7.361610288E1,3.430000000E1,8.334000000E0,2.337695770E2,1.000000000E1,1.900000000E1
5.422097839E2,4.546715266E1,-7.361619131E1,3.420000000E1,8.591222222E0,2.337695770E2,1.000000000E1,1.900000000E1
5.431937140E2,4.546711077E1,-7.361627060E1,3.430000000E1,7.768111111E0,2.333867645E2,1.000000000E1,1.900000000E1
5.441970990E2,4.546705400E1,-7.361634000E1,3.470000000E1,7.510888889E0,2.333867645E2,1.000000000E1,1.900000000E1
5.451777719E2,4.546702554E1,-7.361643113E1,3.470000000E1,7.510888889E0,2.318150482E2,1.000000000E1,1.900000000E1
5.462017180E2,4.546697400E1,-7.361648800E1,3.490000000E1,6.945000000E0,2.318150482E2,1.000000000E1,1.900000000E1
5.471747739E2,4.546693600E1,-7.361655800E1,3.510000000E1,6.945000000E0,2.318150482E2,1.000000000E1,1.900000000E1
5.481739420E2,4.546690600E1,-7.361661500E1,3.510000000E1,6.945000000E0,2.336805878E2,1.000000000E1,1.900000000E1
5.492659889E2,4.546688800E1,-7.361665200E1,3.550000000E1,2.778000000E0,2.336805878E2,1.000000000E1,1.900000000E1
5.502656449E2,4.546688400E1,-7.361665900E1,3.560000000E1,8.231111111E-1,2.336805878E2,1.000000000E1,1.900000000E1
5.512610110E2,4.546688400E1,-7.361665900E1,3.530000000E1,0.000000000E0,2.336805878E2,1.000000000E1,1.900000000E1
5.522592250E2,4.546688400E1,-7.361665900E1,3.530000000E1,0.000000000E0,2.336805878E2,1.000000000E1,1.900000000E1
5.532446010E2,4.546688400E1,-7.361665900E1,3.530000000E1,0.000000000E0,2.336805878E2,1.000000000E1,1.900000000E1
5.542573980E2,4.546688400E1,-7.361665900E1,3.530000000E1,0.000000000E0,2.336805878E2,1.000000000E1,1.900000000E1
5.552341610E2,4.546688400E1,-7.361665900E1,3.530000000E1,0.000000000E0,2.336805878E2,1.000000000E1,1.900000000E1
5.562331829E2,4.546688400E1,-7.361665900E1,3.530000000E1,0.000000000E0,2.336805878E2,1.000000000E1,1.900000000E1
5.572263069E2,4.546688400E1,-7.361666000E1,3.530000000E1,0.000000000E0,2.336805878E2,1.000000000E1,1.900000000E1
5.582256500E2,4.546687900E1,-7.361666800E1,3.540000000E1,5.658888889E-1,2.336805878E2,1.000000000E1,1.900000000E1
5.592255800E2,4.546686300E1,-7.361669600E1,3.540000000E1,2.520777778E0,2.336805878E2,1.000000000E1,1.900000000E1
5.602245550E2,4.546685236E1,-7.361676019E1,3.540000000E1,4.424222222E0,2.351329346E2,1.000000000E1,1.900000000E1
5.612103400E2,4.546680400E1,-7.361682200E1,3.530000000E1,6.121888889E0,2.375345612E2,1.000000000E1,1.900000000E1
5.622107689E2,4.546677300E1,-7.361691600E1,3.530000000E1,8.025333333E0,2.414678802E2,1.000000000E1,1.900000000E1
5.632085400E2,4.546674800E1,-7.361699100E1,3.550000000E1,6.636333333E0,2.414678802E2,1.000000000E1,1.900000000E1
5.641968900E2,4.546673600E1,-7.361702700E1,3.530000000E1,3.343888889E0,2.414678802E2,1.000000000E1,1.900000000E1
5.651948810E2,4.546673000E1,-7.361704300E1,3.540000000E1,1.389000000E0,2.414678802E2,1.000000000E1,1.900000000E1
5.661885760E2,4.546671600E1,-7.361708300E1,3.530000000E1,3.035222222E0,2.414678802E2,1.000000000E1,1.900000000E1
5.671772940E2,4.546668900E1,-7.361715600E1,3.560000000E1,6.121888889E0,2.437506866E2,1.000000000E1,1.900000000E1
5.681774150E2,4.546664900E1,-7.361726400E1,3.550000000E1,8.591222222E0,2.442211609E2,1.000000000E1,1.900000000E1
5.692711580E2,4.546659600E1,-7.361739800E1,3.540000000E1,1.085477778E1,2.422387543E2,1.000000000E1,1.900000000E1
5.702616340E2,4.546654200E1,-7.361752900E1,3.530000000E1,1.167788889E1,2.391186371E2,1.000000000E1,1.900000000E1
5.712544590E2,4.546648500E1,-7.361765000E1,3.490000000E1,1.136922222E1,2.365350342E2,1.000000000E1,1.900000000E1
5.722531960E2,4.546642700E1,-7.361776200E1,3.500000000E1,1.085477778E1,2.339138794E2,3.000000000E1,5.700000000E1
5.732562820E2,4.546637200E1,-7.361786600E1,3.440000000E1,9.980222222E0,2.339138794E2,3.000000000E1,5.700000000E1
5.742524880E2,4.546632300E1,-7.361796100E1,3.480000000E1,9.157111111E0,2.339138794E2,3.000000000E1,5.700000000E1
5.752387370E2,4.546627600E1,-7.361805300E1,3.500000000E1,8.899888889E0,2.339138794E2,3.000000000E1,5.700000000E1
5.762373830E2,4.546622600E1,-7.361814800E1,3.540000000E1,9.157111111E0,2.339138794E2,3.000000000E1,5.700000000E1
5.772334050E2,4.546617100E1,-7.361825500E1,3.520000000E1,9.414333333E0,2.339138794E2,3.000000000E1,5.700000000E1
5.782300600E2,4.546611800E1,-7.361835300E1,3.540000000E1,9.723000000E0,2.335679779E2,3.000000000E1,5.700000000E1
5.792278860E2,4.546606700E1,-7.361845000E1,3.550000000E1,9.414333333E0,2.335679779E2,3.000000000E1,5.700000000E1
5.802309400E2,4.546601800E1,-7.361854600E1,3.550000000E1,9.157111111E0,2.335679779E2,3.000000000E1,5.700000000E1
5.812045499E2,4.546596800E1,-7.361864300E1,3.530000000E1,9.157111111E0,2.335679779E2,3.000000000E1,5.700000000E1
5.822148490E2,4.546591600E1,-7.361874600E1,3.580000000E1,9.157111111E0,2.333484955E2,3.000000000E1,5.700000000E1
5.832040939E2,4.546586500E1,-7.361884800E1,3.610000000E1,9.723000000E0,2.329669037E2,3.000000000E1,5.700000000E1
5.842080190E2,4.546581500E1,-7.361894400E1,3.610000000E1,9.414333333E0,2.329669037E2,3.000000000E1,5.700000000E1
5.851896560E2,4.546576100E1,-7.361904800E1,3.620000000E1,9.723000000E0,2.326841736E2,3.000000000E1,5.700000000E1
5.861943090E2,4.546570500E1,-7.361914800E1,3.640000000E1,9.980222222E0,2.326712494E2,3.000000000E1,5.700000000E1
5.871949999E2,4.546564500E1,-7.361925600E1,3.660000000E1,1.054611111E1,2.326712494E2,3.000000000E1,5.700000000E1
5.881939920E2,4.546558500E1,-7.361936800E1,3.630000000E1,1.085477778E1,2.328894806E2,3.000000000E1,5.700000000E1
5.891807300E2,4.546552600E1,-7.361947600E1,3.620000000E1,1.054611111E1,2.328920288E2,3.000000000E1,5.700000000E1
5.902724429E2,4.546546800E1,-7.361958600E1,3.690000000E1,9.723000000E0,2.328920288E2,3.000000000E1,5.700000000E1
5.912607050E2,4.546542100E1,-7.361967400E1,3.730000000E1,8.591222222E0,2.333281097E2,3.000000000E1,5.700000000E1
5.922664859E2,4.546538100E1,-7.361974800E1,3.750000000E1,7.510888889E0,2.333281097E2,3.000000000E1,5.700000000E1
5.932532600E2,4.546535000E1,-7.361980600E1,3.820000000E1,5.556000000E0,2.333281097E2,3.000000000E1,5.700000000E1
5.942537999E2,4.546533871E1,-7.361986551E1,3.850000000E1,4.424222222E0,2.333281097E2,3.000000000E1,5.700000000E1
5.952517509E2,4.546532565E1,-7.361989044E1,3.870000000E1,2.520777778E0,2.333281097E2,3.000000000E1,5.700000000E1
5.962386600E2,4.546532186E1,-7.361989767E1,3.930000000E1,8.231111111E-1,2.333281097E2,3.000000000E1,5.700000000E1
5.972309240E2,4.546531465E1,-7.361991144E1,3.950000000E1,1.131777778E0,2.333281097E2,3.000000000E1,5.700000000E1
5.982285780E2,4.546529470E1,-7.361994950E1,3.970000000E1,3.343888889E0,2.333281097E2,3.000000000E1,5.700000000E1
5.992260129E2,4.546524400E1,-7.362001300E1,3.990000000E1,5.813222222E0,2.333281097E2,3.000000000E1,5.700000000E1
6.002271570E2,4.546519600E1,-7.362010000E1,3.990000000E1,8.334000000E0,2.332213898E2,3.000000000E1,5.700000000E1
6.012206910E2,4.546515073E1,-7.362022458E1,3.980000000E1,1.054611111E1,2.334349213E2,3.000000000E1,5.700000000E1
6.022060909E2,4.546508958E1,-7.362034158E1,3.930000000E1,1.136922222E1,2.333624115E2,3.000000000E1,5.700000000E1
6.032057760E2,4.546502704E1,-7.362046107E1,3.950000000E1,1.111200000E1,2.333624115E2,3.000000000E1,5.700000000E1
6.041987150E2,4.546497069E1,-7.362056875E1,3.910000000E1,1.054611111E1,2.333624115E2,3.000000000E1,5.700000000E1
6.051914489E2,4.546491539E1,-7.362067443E1,3.970000000E1,9.980222222E0,2.333624115E2,3.000000000E1,5.700000000E1
6.061938790E2,4.546486452E1,-7.362077163E1,3.810000000E1,9.414333333E0,2.333624115E2,3.000000000E1,5.700000000E1
6.071743640E2,4.546481471E1,-7.362086683E1,3.800000000E1,8.899888889E0,2.333624115E2,3.000000000E1,5.700000000E1
6.081939950E2,4.546477038E1,-7.362095154E1,3.780000000E1,8.334000000E0,2.333624115E2,3.000000000E1,5.700000000E1
6.092721510E2,4.546471939E1,-7.362104620E1,3.830000000E1,8.025333333E0,2.323108063E2,3.000000000E1,5.700000000E1
6.102720230E2,4.546467326E1,-7.362113105E1,3.850000000E1,8.334000000E0,2.323108063E2,3.000000000E1,5.700000000E1
6.112604820E2,4.546462678E1,-7.362121611E1,3.890000000E1,8.334000000E0,2.314848175E2,3.000000000E1,5.700000000E1
6.122730210E2,4.546458096E1,-7.362129792E1,3.820000000E1,8.334000000E0,2.314848175E2,3.000000000E1,5.700000000E1
6.132589220E2,4.546453471E1,-7.362138051E1,3.790000000E1,8.025333333E0,2.314848175E2,3.000000000E1,5.700000000E1
6.142558659E2,4.546448689E1,-7.362146502E1,3.760000000E1,8.334000000E0,2.311885529E2,3.000000000E1,5.700000000E1
6.152440729E2,4.546443592E1,-7.362155408E1,3.760000000E1,8.025333333E0,2.309052124E2,3.000000000E1,5.700000000E1
6.162604450E2,4.546438936E1,-7.362163590E1,3.710000000E1,8.025333333E0,2.311016083E2,3.000000000E1,5.700000000E1
6.172310649E2,4.546434026E1,-7.362172168E1,3.640000000E1,8.591222222E0,2.307522430E2,3.000000000E1,5.700000000E1
6.182336160E2,4.546429117E1,-7.362180706E1,3.580000000E1,8.591222222E0,2.307522430E2,3.000000000E1,5.700000000E1
6.192280790E2,4.546423894E1,-7.362189502E1,3.610000000E1,8.899888889E0,2.295407867E2,3.000000000E1,5.700000000E1
6.202300149E2,4.546418336E1,-7.362198798E1,3.600000000E1,9.414333333E0,2.298778076E2,3.000000000E1,5.700000000E1
6.212217779E2,4.546412245E1,-7.362209069E1,3.520000000E1,9.723000000E0,2.298778076E2,3.000000000E1,5.700000000E1
6.222067300E2,4.546406695E1,-7.362218639E1,3.420000000E1,9.723000000E0,2.308471832E2,3.000000000E1,5.700000000E1
6.232012410E2,4.546401115E1,-7.362228378E1,3.290000000E1,9.414333333E0,2.308471832E2,3.000000000E1,5.700000000E1
6.242032089E2,4.546395121E1,-7.362238839E1,3.160000000E1,9.980222222E0,2.308471832E2,3.000000000E1,5.700000000E1
6.251934030E2,4.546389735E1,-7.362248316E1,3.050000000E1,9.723000000E0,2.311365051E2,3.000000000E1,5.700000000E1
6.261956019E2,4.546384896E1,-7.362256978E1,2.950000000E1,8.334000000E0,2.322164307E2,3.000000000E1,5.700000000E1
6.271946740E2,4.546380556E1,-7.362264934E1,2.840000000E1,7.768111111E0,2.322164307E2,3.000000000E1,5.700000000E1
6.281998149E2,4.546376004E1,-7.362273278E1,2.930000000E1,7.768111111E0,2.322164307E2,3.000000000E1,5.700000000E1
6.291696030E2,4.546372021E1,-7.362280939E1,2.960000000E1,7.510888889E0,2.333171997E2,3.000000000E1,5.700000000E1
6.301933500E2,4.546368236E1,-7.362288161E1,2.960000000E1,7.510888889E0,2.333171997E2,3.000000000E1,5.700000000E1
6.312642850E2,4.546364559E1,-7.362295174E1,3.030000000E1,5.813222222E0,2.333171997E2,3.000000000E1,5.700000000E1
6.322581860E2,4.546361904E1,-7.362300349E1,3.080000000E1,4.990111111E0,2.342977142E2,3.000000000E1,5.700000000E1
6.332546290E2,4.546359888E1,-7.362304337E1,3.090000000E1,3.858333333E0,2.342977142E2,3.000000000E1,5.700000000E1
6.342607750E2,4.546358612E1,-7.362306861E1,3.120000000E1,2.520777778E0,2.342977142E2,3.000000000E1,5.700000000E1
6.352630990E2,4.546358209E1,-7.362307658E1,3.120000000E1,8.231111111E-1,2.342977142E2,5.000000000E1,9.500000000E1
6.362523750E2,4.546358141E1,-7.362307791E1,3.150000000E1,0.000000000E0,2.342977142E2,5.000000000E1,9.500000000E1
6.372423030E2,4.546358108E1,-7.362307857E1,3.150000000E1,0.000000000E0,2.342977142E2,5.000000000E1,9.500000000E1
6.382326579E2,4.546357136E1,-7.362309779E1,3.160000000E1,5.658888889E-1,2.342977142E2,5.000000000E1,9.500000000E1
6.392374040E2,4.546356162E1,-7.362311705E1,3.140000000E1,1.646222222E0,2.342977142E2,3.000000000E1,5.700000000E1
6.402311400E2,4.546354650E1,-7.362314694E1,3.120000000E1,2.778000000E0,2.342977142E2,3.000000000E1,5.700000000E1
6.412171719E2,4.546353006E1,-7.362317945E1,3.120000000E1,3.035222222E0,2.342977142E2,3.000000000E1,5.700000000E1
6.422144049E2,4.546349800E1,-7.362321200E1,3.140000000E1,4.167000000E0,2.342977142E2,3.000000000E1,5.700000000E1
6.432051350E2,4.546349600E1,-7.362328000E1,3.130000000E1,4.990111111E0,2.747000000E2,3.000000000E1,5.700000000E1
6.442013700E2,4.546346417E1,-7.362340635E1,3.130000000E1,6.121888889E0,3.024094543E2,3.000000000E1,5.700000000E1
6.451963930E2,4.546349577E1,-7.362347710E1,3.100000000E1,6.379111111E0,3.024094543E2,3.000000000E1,5.700000000E1
6.461990479E2,4.546352700E1,-7.362354699E1,3.070000000E1,6.379111111E0,3.024094543E2,1.000000000E1,1.900000000E1
6.471673520E2,4.546355513E1,-7.362360997E1,3.030000000E1,5.813222222E0,3.024094543E2,1.000000000E1,1.900000000E1
6.481857170E2,4.546358327E1,-7.362367295E1,3.010000000E1,5.813222222E0,3.024094543E2,3.000000000E1,5.700000000E1
6.491761680E2,4.546361426E1,-7.362374234E1,2.960000000E1,5.813222222E0,3.024094543E2,3.000000000E1,5.700000000E1
6.501846470E2,4.546364052E1,-7.362380111E1,2.930000000E1,5.247333333E0,3.024094543E2,3.000000000E1,5.700000000E1
6.512695900E2,4.546366706E1,-7.362386052E1,2.900000000E1,4.990111111E0,3.024094543E2,3.000000000E1,5.700000000E1
6.522803290E2,4.546368806E1,-7.362390753E1,2.910000000E1,4.167000000E0,3.024094543E2,3.000000000E1,5.700000000E1
6.532610539E2,4.546370430E1,-7.362394341E1,2.890000000E1,3.343888889E0,3.024969177E2,3.000000000E1,5.700000000E1
6.542581480E2,4.546371571E1,-7.362396886E1,2.880000000E1,2.520777778E0,3.024969177E2,3.000000000E1,5.700000000E1
6.552572360E2,4.546372338E1,-7.362398597E1,2.860000000E1,1.389000000E0,3.024969177E2,3.000000000E1,5.700000000E1
6.562489990E2,4.546373557E1,-7.362401317E1,2.840000000E1,1.646222222E0,3.024969177E2,3.000000000E1,5.700000000E1
6.572434449E2,4.546374857E1,-7.362404217E1,2.830000000E1,2.520777778E0,3.024969177E2,3.000000000E1,5.700000000E1
6.582368180E2,4.546376316E1,-7.362407473E1,2.810000000E1,2.778000000E0,3.024969177E2,3.000000000E1,5.700000000E1
6.592218189E2,4.546377996E1,-7.362411220E1,2.800000000E1,3.343888889E0,3.024969177E2,3.000000000E1,5.700000000E1
6.602332660E2,4.546379487E1,-7.362414547E1,2.780000000E1,3.035222222E0,3.024969177E2,3.000000000E1,5.700000000E1
6.612212709E2,4.546381137E1,-7.362418258E1,2.770000000E1,3.343888889E0,3.021546936E2,3.000000000E1,5.700000000E1
6.622245879E2,4.546382598E1,-7.362421561E1,2.750000000E1,3.035222222E0,3.021546936E2,3.000000000E1,5.700000000E1
6.632201840E2,4.546383717E1,-7.362424090E1,2.750000000E1,2.212111111E0,3.021546936E2,3.000000000E1,5.700000000E1
6.642344220E2,4.546385188E1,-7.362427416E1,2.740000000E1,2.520777778E0,3.021546936E2,3.000000000E1,5.700000000E1
6.652051719E2,4.546386184E1,-7.362429667E1,2.720000000E1,2.212111111E0,3.021546936E2,1.000000000E1,1.900000000E1
6.662006130E2,4.546386943E1,-7.362431382E1,2.720000000E1,1.646222222E0,3.021546936E2,1.000000000E1,1.900000000E1
6.672078110E2,4.546387521E1,-7.362432690E1,2.690000000E1,1.131777778E0,3.021546936E2,1.000000000E1,1.900000000E1
6.681923710E2,4.546387948E1,-7.362433656E1,2.670000000E1,8.231111111E-1,3.021546936E2,1.000000000E1,1.900000000E1
6.691917030E2,4.546388284E1,-7.362434414E1,2.680000000E1,5.658888889E-1,3.021546936E2,1.000000000E1,1.900000000E1
6.701841190E2,4.546388375E1,-7.362434621E1,2.660000000E1,0.000000000E0,3.021546936E2,1.000000000E1,1.900000000E1
6.712779039E2,4.546388467E1,-7.362434828E1,2.650000000E1,0.000000000E0,3.021546936E2,1.000000000E1,1.900000000E1
6.722401340E2,4.546388467E1,-7.362434828E1,2.620000000E1,0.000000000E0,3.021546936E2,1.000000000E1,1.900000000E1
6.732719619E2,4.546388467E1,-7.362434828E1,2.620000000E1,0.000000000E0,3.021546936E2,3.000000000E1,5.700000000E1
6.742582430E2,4.546388467E1,-7.362434828E1,2.620000000E1,0.000000000E0,3.021546936E2,3.000000000E1,5.700000000E1
6.752602229E2,4.546388467E1,-7.362434828E1,2.620000000E1,0.000000000E0,3.021546936E2,3.000000000E1,5.700000000E1
6.762520089E2,4.546388467E1,-7.362434828E1,2.620000000E1,0.000000000E0,3.021546936E2,3.000000000E1,5.700000000E1
6.772499110E2,4.546388467E1,-7.362434828E1,2.620000000E1,0.000000000E0,3.021546936E2,3.000000000E1,5.700000000E1
6.782367259E2,4.546388467E1,-7.362434828E1,2.620000000E1,0.000000000E0,3.021546936E2,3.000000000E1,5.700000000E1
6.792372730E2,4.546388467E1,-7.362434828E1,2.620000000E1,0.000000000E0,3.021546936E2,3.000000000E1,5.700000000E1
6.802324460E2,4.546388467E1,-7.362434828E1,2.620000000E1,0.000000000E0,3.021546936E2,3.000000000E1,5.700000000E1
6.812676029E2,4.546388467E1,-7.362434828E1,2.620000000E1,0.000000000E0,3.021546936E2,3.000000000E1,5.700000000E1
6.822180539E2,4.546388467E1,-7.362434828E1,2.620000000E1,0.000000000E0,3.021546936E2,3.000000000E1,5.700000000E1